danceability,energy,key,loudness,mode,speechiness,acousticness,instrumentalness,liveness,valence,tempo,duration_ms,time_signature,track.name,track.popularity
0.903,0.539,9,-8.565,1,0.367,0.0889,0,0.305,0.758,139.926,179493,4,Bank,44
0.774,0.316,4,-15.797,0,0.252,0.387,1.11e-4,0.0733,0.321,109.964,242991,4,Ten Ten,24
0.426,0.491,5,-8.345,1,0.0394,0.137,0.00573,0.116,0.214,143.724,383152,4,"Hapi (with Benji. & EARTHGANG feat. Mereba, Big Rube)",35
0.467,0.934,2,-2.253,1,0.0588,0.00561,0.0018600000000000001,0.107,0.135,149.967,187000,4,Cheatcode,45
0.25,0.707,4,-6.118,1,0.0304,0.011,0.712,0.152,0.262,90.081,358741,4,Ugo,46
0.87,0.446,4,-9.062,0,0.271,0.22,5.77e-5,0.236,0.512,119.981,137000,4,Compare,51
0.416,0.248,10,-14.62,1,0.14,0.647,0.427,0.113,0.134,161.667,433916,4,A&W,78
0.895,0.878,6,-6.82,0,0.297,0.00843,3.98e-6,0.522,0.902,132.122,218053,4,It's a Kuruption Ting,41
0.137,0.302,0,-10.41,1,0.033,0.361,0.886,0.27,0.0847,142.483,213125,3,Dream 1.2.2 [2016 Export Wav],51
0.839,0.354,1,-14.909,1,0.125,0.216,0.00191,0.105,0.573,135.924,134762,4,Nice 2 Know U 1.5.3 [2020 Export Wav],54
0.7,0.721,8,-5.824,1,0.0338,0.128,0.285,0.101,0.128,123.996,293282,4,Why 1.3 [2012 Export Wav],54
0.527,0.869,9,-4.63,1,0.0789,0.085,0.0884,0.473,0.457,149.964,121600,4,OURS,48
0.546,0.942,11,-6.761,0,0.856,0.37,0,0.376,0.405,93.936,146233,4,Counting Sheep (V2) [2018 Export Wav] feat. Injury Reserve,57
0.81,0.864,11,-5.086,1,0.0374,0.0339,0.927,0.0593,0.768,124.992,168000,4,One Three Nine,50
0.444,0.557,0,-5.476,1,0.0602,0.453,0,0.152,0.296,115.058,234910,4,Never Be Like You (feat. Kai),63
0.566,0.547,1,-9.777,0,0.135,0.132,1.66e-4,0.538,0.267,70,173372,4,THE_EVIL_THAT_MEN_DO,53
0.752,0.822,1,-5.837,1,0.098,0.0356,0.0615,0.14,0.454,126.068,190476,4,Selecta,55
0.584,0.608,10,-9.09,0,0.454,0.499,0,0.137,0.482,134.418,178286,4,Old Ways,31
0.84,0.717,10,-4.368,0,0.105,0.12,1.29e-5,0.298,0.675,96.224,258640,4,I Get Around,55
0.698,0.5,9,-12.801,1,0.214,0.424,1.1e-5,0.108,0.172,101.04,295733,4,Without You,41
0.915,0.591,8,-10.536,0,0.608,0.072,0,0.0947,0.867,139.915,185339,4,Jansport,34
0.692,0.502,8,-11.866,1,0.0524,0.00542,0.894,0.161,0.463,114.146,258511,4,Akeldama,31
0.919,0.507,4,-8.479,0,0.0888,0.0776,0,0.143,0.511,134.971,201360,4,Meant to Be (feat. Jacob Hemphill),44
0.34,0.823,4,-7.181,1,0.0455,0.0854,0.668,0.141,0.0389,119.972,246405,4,Hopeful,0
0.733,0.872,2,-5.683,0,0.132,0.0239,0.00304,0.38,0.195,128.007,195707,4,Butterflies,59
0.719,0.919,8,-3.962,0,0.171,0.00265,0.00165,0.144,0.841,80.005,208688,4,TOO BIZARRE (juked),58
0.703,0.877,8,-5.736,1,0.0461,0.0387,0.737,0.21,0.424,145.047,215172,4,A Street I Know,59
0.697,0.633,5,-5.288,0,0.1,0.00182,0.2,0.109,0.369,140.216,185571,4,Tears,61
0.635,0.967,0,-4.529,1,0.0753,0.00131,0.211,0.325,0.576,129.95,303218,4,Still Here (with the ones that I came with),58
0.683,0.786,10,-4.721,0,0.139,0.0621,0,0.184,0.282,75,216000,4,Hydrate,59
0.889,0.6,9,-10.603,1,0.144,0.0145,0,0.08,0.501,123.978,126774,4,RATATA,67
0.706,0.55,5,-12.764,0,0.0407,0.0477,0.0161,0.109,0.637,145.001,205241,4,Inhale Exhale,60
0.525,0.827,6,-5.489,1,0.404,0.0327,0,0.168,0.693,101.042,156947,4,Go DJ,46
0.712,0.667,7,-7.121,1,0.146,0.377,2e-6,0.247,0.635,155.957,215347,4,UP,0
0.757,0.713,1,-4.467,0,0.323,0.156,1.25e-6,0.182,0.304,107.186,185103,4,Cocktail,36
0.695,0.803,10,-3.841,0,0.296,0.357,1.22e-6,0.132,0.681,131.326,204148,4,Build,31
0.572,0.79,0,-6.573,1,0.461,0.438,0,0.989,0.416,79.87,234893,4,Momma Told Me,36
0.679,0.485,1,-13.315,0,0.494,0.513,0,0.324,0.832,76.416,336980,4,Monday,40
0.736,0.783,1,-6.765,1,0.0504,0.00476,0.0055,0.343,0.179,127.998,234411,4,Unholy (feat. Kim Petras) - Disclosure Remix,63
0.551,0.865,4,-5.913,0,0.037,0.0319,0.394,0.311,0.177,172.053,131229,4,Summertime,35
0.831,0.573,0,-6.515,0,0.0593,0.0435,5.22e-5,0.26,0.674,99.979,224813,4,Feelin' Myself,36
0.521,0.398,2,-7.02,0,0.0426,0.78,8.41e-4,0.103,0.26,128.066,376493,4,Lines,0
0.646,0.77,2,-6.596,0,0.226,0.00249,0,0.0715,0.681,99.165,236133,4,Crazy In Love (feat. Jay-Z),75
0.81,0.783,8,-6.18,1,0.0503,0.0166,0.0967,0.3,0.49,150.057,168332,4,Good Space,29
0.633,0.55,9,-9.965,1,0.0924,0.649,3.63e-4,0.147,0.333,147.099,262248,4,Heat Waves - Slowed,68
0.183,0.876,2,-5.495,0,0.051,0.0104,0.359,0.267,0.771,187.775,154720,4,The Godfather,32
0.263,0.996,9,-3.588,1,0.17,0.012,0.79,0.0775,0.0738,108.018,184884,4,Red Tsunami,17
0.731,0.563,2,-4.046,1,0.131,0.191,4.23e-4,0.296,0.452,184.004,240427,4,Clumsy,59
0.911,0.666,2,-7.133,1,0.233,0.0669,4.12e-5,0.116,0.824,145.734,186907,4,Take Da Charge,60
0.667,0.956,6,-5.563,1,0.287,0.00385,0.0184,0.303,0.17,129.991,279692,4,Sacrifice,59
0.561,0.643,7,-9.791,1,0.0262,0.0186,0.582,0.103,0.748,130.126,228200,4,Malibu Babylon,12
0.565,0.58,9,-6.951,0,0.0268,0.074,0.783,0.382,0.432,109.968,286787,4,Isla de los Suenos,4
0.935,0.259,1,-11.088,0,0.0517,0.378,4.63e-4,0.0611,0.931,112.019,171696,4,Electric U,61
0.655,0.714,7,-7.78,0,0.0572,0.0512,0.48,0.32,0.131,123.002,210562,4,Food for the Soul,54
0.883,0.584,7,-2.102,0,0.0465,0.0392,4.39e-6,0.0869,0.784,144.975,161067,4,Consideration,72
0.584,0.948,2,-2.247,1,0.0769,0.013,0.00133,0.126,0.398,140.103,218143,4,Die A God,46
0.547,0.695,9,-4.969,1,0.0337,0.108,0.00301,0.14,0.641,144.684,241987,4,'Cause I'm A Man,59
0.502,0.699,5,-5.528,1,0.0333,0.0055,0,0.171,0.354,111.024,185773,4,Love/Paranoia,62
0.47,0.809,8,-6.74,1,0.0495,0.272,0.00671,0.0491,0.49,151.836,363240,4,"New Person, Same Old Mistakes",76
0.563,0.75,11,-4.496,1,0.127,0.113,0,0.0788,0.812,173.906,222920,4,Rude Boy,78
0.871,0.44,11,-6.25,0,0.0761,0.499,4.15e-6,0.114,0.799,137.996,221267,4,Day 'N' Nite (nightmare),66
0.775,0.726,9,-5.629,1,0.0369,0.0399,0.0235,0.11,0.206,126.999,185120,4,Stereo Love - Radio Edit,0
0.677,0.671,7,-4.905,1,0.0361,0.004,5.07e-5,0.413,0.527,137.046,238920,4,SOS,75
0.81,0.755,0,-6.408,1,0.199,0.291,0,0.0857,0.625,130.991,246573,4,Glamorous,68
0.892,0.714,4,-6.055,0,0.141,0.201,2.34e-4,0.0521,0.817,100.972,267267,4,Rock Your Body,73
0.771,0.68,11,-5.881,0,0.224,0.277,1.18e-5,0.682,0.808,119.952,276160,4,My Love (feat. T.I.),69
0.791,0.713,5,-3.742,0,0.254,0.0163,0,0.189,0.514,130.012,192573,4,DONTTRUSTME,50
0.607,0.805,11,-5.579,0,0.0608,0.00175,0,0.231,0.232,139.894,202667,4,STARSTRUKK (feat. Katy Perry),61
0.607,0.783,7,-4.41,1,0.0397,6.83e-4,0,0.0678,0.434,113.172,231173,4,Let It Rock,62
0.762,0.692,5,-3.973,0,0.0438,0.113,0,0.094,0.397,114.906,208307,4,Paparazzi,67
0.644,0.939,11,-3.486,0,0.0456,0.157,0,0.233,0.861,106.031,208107,4,Paralyzer,71
0.606,0.591,0,-7.228,0,0.087,0.0756,0,0.328,0.477,95.802,252973,4,Summer Love,64
0.738,0.673,10,-3.377,0,0.205,0.0463,0,0.0604,0.565,140.068,250667,4,Kiss Kiss (feat. T-Pain),0
0.662,0.507,5,-8.238,1,0.118,0.257,0,0.0465,0.676,86.412,223440,4,My Boo,74
0.943,0.809,5,-4.23,0,0.0483,0.404,0,0.0787,0.96,118.968,213320,4,Smack That,33
0.588,0.391,0,-8.596,0,0.0334,0.839,0,0.195,0.349,144.053,224630,4,Unfaithful,0
0.582,0.57,6,-9.184,1,0.273,0.167,0,0.229,0.595,94.83,206853,4,So Sick,30
0.951,0.597,0,-4.651,0,0.0669,0.104,0,0.0718,0.819,125.024,216467,4,Temperature,0
0.803,0.454,8,-4.802,0,0.0294,0.352,0,0.0655,0.739,99.99,192213,4,Me & U,71
0.779,0.64,7,-8.415,1,0.159,1.55e-4,7.7e-4,0.101,0.498,99.019,246960,4,Pon de Replay,0
0.185,0.344,7,-9.378,1,0.0295,0.81,0,0.166,0.424,178.635,164160,3,Ooo Baby Baby,59
0.407,0.943,11,-1.735,1,0.324,0.0363,0.0515,0.319,0.306,173.495,195862,4,Realise,52
0.494,0.842,7,-4.784,1,0.0843,0.00579,0,0.122,0.574,162.011,229093,4,"Sugar, We're Goin Down",74
0.733,0.71,5,-5.849,0,0.0292,0.145,0.115,0.0956,0.965,127.975,239600,4,Pumped Up Kicks,79
0.693,0.57,9,-8.103,1,0.237,0.283,2.43e-6,0.282,0.502,109.958,198087,4,Slow It Down (feat. Jordan Dennis),16
0.748,0.546,3,-8.898,1,0.0368,0.579,0.695,0.0919,0.822,79.762,96400,4,Fillmoe,37
0.681,0.647,1,-9.559,0,0.345,0.107,2.09e-6,0.352,0.614,168.012,200000,4,Spit in Ur Face B,36
0.878,0.714,8,-6.344,1,0.239,0.0528,7.64e-6,0.143,0.636,150.029,195600,4,Big Shot Cream Soda,70
0.516,0.877,1,-3.52,1,0.0435,0.00212,0,0.329,0.235,111.968,214587,4,Stay,51
0.797,0.504,0,-6.538,1,0.114,0.0199,2.46e-5,0.198,0.178,114.994,128418,4,O Pana!,66
0.77,0.819,0,-5.325,1,0.0946,0.00866,9.14e-5,0.293,0.228,129.96,214230,4,Grayscale,49
0.403,0.965,6,-2.238,1,0.0964,3.81e-5,2.76e-4,0.341,0.431,112.363,236293,4,King For A Day,74
0.539,0.671,1,-8,0,0.0379,0.00387,0.766,0.361,0.225,86.993,234013,4,Beg for Me,50
0.324,0.416,11,-8.92,0,0.0368,0.262,3.69e-5,0.11,0.151,113.986,236053,4,Young And Beautiful,79
0.566,0.647,1,-6.815,0,0.0335,0.0477,0,0.121,0.22,111.96,264773,4,Summertime Sadness,72
0.236,0.249,6,-9.595,0,0.0348,0.811,1e-6,0.087,0.181,72.847,281960,5,Video Games,67
0.753,0.484,9,-7.519,1,0.258,0.0149,0,0.135,0.597,79.668,211560,4,Caress Me Down,58
0.464,0.754,9,-6.653,0,0.128,0.465,1.57e-5,0.37,0.444,86.501,235627,4,Soundtrack 2 My Life,63
0.399,0.696,4,-9.98,0,0.0297,0.00141,0.871,0.339,0.792,126.835,159444,4,Pingpxng,45
0.847,0.601,11,-6.311,0,0.103,0.163,0.787,0.11,0.548,139.996,75429,4,AirplaneMode,72
0.564,0.71,11,-4.92,0,0.0461,0.00125,0,0.109,0.393,91.972,225147,4,Diamonds,73
0.651,0.647,1,-5.415,1,0.0654,0.437,0.175,0.205,0.345,152.069,203733,4,Seek & Destroy,78
0.486,0.839,10,-4.5,1,0.158,0.327,0,0.048,0.398,165.948,296227,4,Love The Way You Lie (Part II) - Pt. 2,59
0.475,0.577,7,-3.979,1,0.0341,0.219,0,0.121,0.319,169.897,251600,4,California King Bed,45
0.788,0.71,11,-4.24,0,0.0426,0.113,1.22e-5,0.0638,0.632,125.919,235493,4,Only Girl (In The World),55
0.69,0.786,2,-2.959,1,0.0692,0.229,0,0.0797,0.583,100.049,263173,4,What's My Name?,55
0.766,0.682,1,-5.02,1,0.0419,0.0113,1.6e-4,0.104,0.833,127.966,243533,4,S&M,54
0.707,0.813,11,-4.515,0,0.0571,0.0863,0,0.168,0.722,124.921,238627,4,Disturbia,77
0.835,0.669,6,-5.582,0,0.0643,0.0336,6.92e-5,0.0535,0.542,122.668,267080,4,Don't Stop The Music,79
0.378,0.566,9,-7.685,0,0.0482,0.149,0,0.382,0.196,87.691,328907,3,Keep The Family Close,55
0.858,0.426,10,-8.879,0,0.0402,0.00586,0.761,0.0977,0.419,89.981,192897,4,Take Me Where Your Heart Is,58
0.753,0.836,1,-5.506,0,0.044,0.101,8.96e-4,0.118,0.661,121.95,160850,4,Afterparty,61
0.403,0.698,9,-5.058,0,0.0357,0.00171,0.00126,0.256,0.0833,159.869,252954,4,Lullabies - Adventure Club Remix,49
0.846,0.891,1,-4.902,0,0.0652,3.94e-4,0.803,0.124,0.94,126.029,156216,4,In The Yuma (feat. Aatig),69
0.562,0.888,8,-5.647,0,0.0569,0.0172,8.85e-6,0.137,0.493,126.032,130952,4,Fall Through,36
0.609,0.94,10,-6.097,1,0.0617,0.00124,0.269,0.15,0.238,128.001,188592,4,Miracle Maker,65
0.637,0.863,1,-2.095,1,0.065,0.00284,9.06e-5,0.543,0.716,75.069,145600,4,Let It Spin,39
0.676,0.56,4,-6.024,0,0.0643,0.0112,0.00403,0.137,0.551,178.555,219332,4,Make It Better (feat. Smokey Robinson),60
0.372,0.53,1,-9.519,1,0.116,0.229,9.54e-4,0.627,0.169,136.976,187125,4,Lydia (please make it better),48
0.641,0.563,6,-10.532,1,0.0566,0.296,0.924,0.122,0.171,122.001,350164,5,Atlas,46
0.706,0.996,1,-0.37,0,0.171,0.0337,0.0955,0.332,0.606,140.136,156857,4,BURN,10
0.783,0.81,10,-4.041,0,0.0794,0.0226,0.257,0.119,0.38,124.028,305817,4,California - Chris Lake & Matroda Remix,40
0.794,0.684,1,-7.594,1,0.0668,0.00634,0.298,0.0881,0.542,123.024,168171,4,Magic Carpet,48
0.795,0.797,10,-5.96,0,0.0634,0.00438,0.302,0.129,0.627,124.952,189614,4,Rave Grave,41
0.707,0.893,7,-7.449,1,0.0543,0.00712,0.819,0.0802,0.159,130.009,498462,4,The Sound Of Space,51
0.559,0.32,6,-7.694,1,0.0414,0.0644,0.132,0.173,0.497,147.366,341200,4,Malibu 1992,59
0.302,0.557,9,-5.737,0,0.0326,0.063,0.344,0.118,0.103,113.563,411912,4,the BLACK seminole.,71
0.598,0.476,1,-10.168,1,0.0275,0.161,0,0.0513,0.533,114.977,238240,4,We Have No Secrets,34
0.884,0.334,1,-18.943,0,0.228,0.0476,0.0588,0.107,0.571,98.315,261267,4,Rebirth Of Slick (Cool Like Dat),56
0.858,0.767,7,-8.645,1,0.302,0.00666,0,0.0489,0.753,91.522,226800,4,Ya Playin' Yaself,47
0.683,0.74,11,-6.041,0,0.0462,0.00228,0,0.238,0.65,129.515,281773,4,Thuggish Ruggish Bone,65
0.708,0.305,9,-14.003,1,0.817,0.138,3.08e-6,0.139,0.691,174.154,259453,4,Sound Bwoy Bureill,45
0.812,0.6,7,-9.414,1,0.254,0.00308,8.38e-6,0.173,0.555,97.338,226440,4,Award Tour,61
0.804,0.823,1,-5.422,0,0.256,0.0812,0,0.0794,0.719,87.322,300200,4,Temperature's Rising (feat. Crystal Johnson),53
0.726,0.603,9,-8.283,0,0.0613,0.309,0.0519,0.102,0.284,122.024,250291,4,Faisal (envelops me),54
0.61,0.76,0,-7.028,1,0.0582,0.0411,0.00975,0.12,0.458,129.93,229000,4,Roze (forgive),55
0.648,0.775,5,-4.798,1,0.0694,0.0561,0,0.444,0.371,128.072,217266,4,Billie (loving arms),54
0.751,0.478,11,-10.046,0,0.0432,0.35,5.73e-5,0.102,0.381,119.948,200612,4,halfway,16
0.533,0.496,6,-9.363,0,0.517,0.77,1.64e-4,0.0969,0.173,155.158,347987,4,2009,66
0.779,0.937,9,-6.269,0,0.0496,0.0443,0.101,0.0912,0.49,125.025,185000,4,San Frandisco,57
0.716,0.897,4,-7.185,0,0.0629,0.012,0.262,0.325,0.358,127.03,274142,4,New Gold (feat. Tame Impala and Bootie Brown) - Dom Dolla Remix,70
0.805,0.884,1,-4.584,0,0.0573,0.139,0.00774,0.0729,0.478,119.991,131240,4,SHOOTERS,61
0.715,0.945,2,-6.464,0,0.0615,0.031,0.0845,0.268,0.599,132.005,238830,4,Kammy (like i do),57
0.687,0.413,6,-11.68,1,0.145,0.554,0.006,0.123,0.183,119.968,168245,4,Chika (scared),52
0.767,0.878,8,-4.581,1,0.0648,0.0249,0.0294,0.147,0.401,125.018,196797,4,Hannah (the sun),57
0.781,0.765,0,-8.228,1,0.221,0.163,0.00112,0.903,0.64,125.197,222250,4,Tate (how i feel),59
0.531,0.803,1,-3.284,1,0.0717,0.0796,1.71e-5,0.176,0.221,142.113,299613,4,All Of The Lights,75
0.795,0.83,2,-5.358,1,0.0332,0.00102,0.0345,0.0964,0.601,127.008,257056,3,Kiss It Better,54
0.716,0.917,6,-5.091,1,0.0331,0.123,0.396,0.0628,0.751,124.032,160669,4,Welcome To The People,62
0.405,0.808,0,-3.867,0,0.0355,0.18,4.12e-4,0.133,0.32,122.043,232129,4,Define,54
0.542,0.487,1,-9.53,1,0.0286,0.0544,8.85e-4,0.0872,0.119,111.307,216631,4,Her Way,76
0.584,0.596,7,-5.036,0,0.0722,0.0432,4.87e-6,0.0973,0.0427,119.682,228000,4,Painted,30
0.855,0.872,0,-1.261,1,0.324,0.0851,0.0148,0.169,0.306,75.011,183775,4,Death Wish,0
0.663,0.381,5,-9.129,0,0.0346,0.362,3.21e-4,0.131,0.24,120.057,241120,4,Something Tells Me,54
0.463,0.561,10,-6.943,1,0.235,0.469,0,0.157,0.35,85.148,475827,4,Perfect Circle / God Speed,55
0.672,0.868,11,-6.525,0,0.0412,0.00185,0.492,0.244,0.491,126.03,153183,4,Lost,61
0.862,0.484,9,-13.12,0,0.0867,0.0112,0.00433,0.316,0.542,124.928,126720,4,Fake ID (Coke & Rum Remix),66
0.809,0.685,4,-10.194,0,0.0864,0.0842,0.918,0.0641,0.231,123.498,439190,4,Alles,36
0.654,0.776,10,-7.573,0,0.156,0.00727,0.00478,0.206,0.135,122.011,192295,4,Heavy Hearted,48
0.626,0.85,6,-4.601,0,0.0336,0.134,0.00111,0.235,0.335,122.012,178042,4,Streets,14
0.701,0.744,0,-5.718,0,0.031,0.0998,0.00139,0.0927,0.534,125.045,150450,4,Love Is Just a Game,59
0.706,0.824,1,-7.036,1,0.133,0.0547,0.00162,0.0448,0.536,123.965,185133,4,Never Let Me Down,41
0.733,0.693,11,-8.165,1,0.0326,0.0127,0.066,0.089,0.104,126.006,230476,4,Alive,45
0.741,0.744,9,-6.081,1,0.079,0.0133,0.89,0.349,0.696,126.035,204762,4,The Reason,54
0.67,0.833,7,-8.365,1,0.0522,0.132,0.195,0.109,0.522,127.984,205125,4,Live Without Your Love (with Steve Lacy),50
0.875,0.475,9,-12.673,0,0.0986,0.44,0.72,0.046,0.384,99.958,232667,4,Something About Us,66
0.85,0.927,8,-4.265,1,0.0422,1.92e-4,0.00659,0.0683,0.601,128.004,153750,4,A Milli - SIDEPIECE Remix,59
0.683,0.932,8,-10.402,1,0.0513,0.0389,0.605,0.0615,0.553,125.002,235786,4,Drugs From Amsterdam,75
0.363,0.14,7,-15.783,1,0.0333,0.973,4.64e-4,0.136,0.13,114.127,397973,4,Whatever's Written in Your Heart,29
0.497,0.349,7,-14,1,0.0297,0.0929,0.028,0.259,0.421,113.762,365627,4,Baker Street,65
0.527,0.591,6,-7.664,0,0.0396,0.194,0.0194,0.0907,0.461,123.167,256760,4,West Coast,79
0.769,0.654,2,-7.466,0,0.0423,0.156,0.00953,0.243,0.498,119.942,228000,4,Casual Love,33
0.699,0.568,11,-6.431,1,0.0732,0.0964,0,0.0816,0.255,128.125,161065,4,Beats Me Up (feat. Coucheron),33
0.492,0.928,1,-2.952,1,0.0529,0.035,0.492,0.214,0.321,72.498,202552,4,The Devil's Instrument,26
0.685,0.827,10,-7.745,1,0.224,0.138,0.00207,0.374,0.586,133.93,250702,4,Delilah (pull me out of this),69
0.782,0.635,6,-9.382,0,0.122,0.0416,0.317,0.108,0.399,118.074,184715,4,Yasminah (see your face again),52
0.683,0.819,7,-7.825,1,0.0517,0.00826,0.748,0.495,0.127,104.012,199062,4,Sabrina (i am a party),59
0.203,0.742,5,-2.261,0,0.0371,7.62e-4,0.865,0.336,0.163,139.774,229714,4,Drowning,46
0.76,0.669,5,-9.105,0,0.285,0.0757,0.0215,0.77,0.215,112.023,196071,4,Kyle (i found you),63
0.653,0.668,0,-8.183,1,0.0881,0.00116,0.00269,0.0731,0.711,160.048,257187,4,Swim Good,64
0.817,0.936,9,-7.669,1,0.0618,0.131,0.285,0.227,0.415,127,213562,4,Sidewindah (feat. Flirta D),55
0.783,0.322,0,-15.091,1,0.0343,0.213,0.00243,0.114,0.77,128.226,267773,4,Right Down the Line,70
0.433,0.722,9,-4.006,0,0.0374,4.68e-4,0.00454,0.111,0.0521,129.976,174923,3,Ghosts,33
0.597,0.483,0,-11.673,0,0.632,0.362,1.38e-4,0.17,0.285,124.452,154932,5,Perc & Sex,68
0.672,0.656,8,-8.313,1,0.0426,5.77e-4,0.538,0.0756,0.338,119.003,346125,4,Papi (Bhabi),46
0.745,0.346,1,-7.709,1,0.331,0.00552,0,0.0881,0.112,203.911,237240,4,"BIG BANK (feat. 2 Chainz, Big Sean, Nicki Minaj)",63
0.904,0.813,4,-7.105,0,0.121,0.0311,0.00697,0.0471,0.81,125.461,226864,4,Lose Control (feat. Ciara & Fat Man Scoop),64
0.72,0.967,9,-4.434,0,0.0343,0.0289,3.45e-4,0.142,0.977,129.766,235093,4,Talking In Your Sleep,61
0.617,0.957,8,-3.15,1,0.173,0.0165,0.00128,0.208,0.109,125.039,168960,4,Wall Of Death,42
0.659,0.678,0,-8.18,1,0.0313,0.157,6.69e-6,0.0784,0.647,106.186,258411,4,You're so Vain,73
0.509,0.448,1,-8.403,1,0.0718,0.458,1.07e-6,0.0824,0.318,158.998,223867,4,Sheep,54
0.603,0.44,7,-13.284,1,0.0328,0.392,1.44e-4,0.578,0.671,128.021,248160,4,Ripple - 2020 Remaster,38
0.923,0.741,2,-9.106,1,0.304,0.431,0,0.215,0.897,102.104,130107,4,Manifesto,32
0.801,0.96,8,-5.534,1,0.264,0.0284,0.877,0.0985,0.101,126.045,217411,4,Gimme That Bounce,63
0.813,0.793,11,-6.528,1,0.0879,0.0359,0.651,0.116,0.844,125,263040,4,Dance with Me,36
0.811,0.825,2,-5.48,1,0.0654,6.46e-4,0.517,0.0689,0.95,124.005,211209,4,"Red Light Green Light - For Club Play Only, Pt. 6",59
0.898,0.893,1,-7.255,1,0.225,0.207,9.33e-5,0.061,0.653,129.047,150635,4,Pump It Up,57
0.696,0.898,6,-5.506,1,0.0505,0.00353,0.045,0.0896,0.392,125.027,284371,4,In the Dark,1
0.644,0.661,11,-6.093,1,0.0418,1.77e-4,5.23e-6,0.108,0.272,153.992,240307,4,How To Love,63
0.261,0.604,6,-10.634,1,0.0844,0.0654,0.145,0.066,0.508,69.606,720186,4,Walk On By,38
0.785,0.545,1,-9.255,0,0.0547,0.106,0.826,0.32,0.423,119.02,397431,4,Shoreline,22
0.741,0.619,1,-11.366,0,0.0514,0.661,0.674,0.125,0.146,126.008,417100,4,Talk to Me You'll Understand,50
0.659,0.382,11,-9.929,1,0.0359,0.715,0.162,0.175,0.742,141.072,225532,4,Different State of Mind,56
0.877,0.665,5,-6.597,0,0.191,0.0586,0.012,0.0685,0.786,125.017,154860,4,People Ain't Dancing (feat. Kah-Lo),60
0.665,0.727,1,-8.073,0,0.0391,0.00984,0.394,0.172,0.397,133.922,198806,4,Jungle,68
0.761,0.781,5,-6.778,0,0.141,0.0681,0.108,0.0607,0.473,123.023,285375,4,Marea (we’ve lost dancing),70
0.683,0.887,6,-4.944,0,0.0497,0.0125,0.446,0.318,0.551,132.007,267947,4,Turn On The Lights again.. (feat. Future),70
0.665,0.727,1,-8.073,0,0.0391,0.00984,0.394,0.172,0.397,133.922,198806,4,Jungle,68
0.852,0.93,1,-7.02,1,0.209,0.0127,0.494,0.0573,0.236,129.028,271642,4,()vȯ)) ̷̨ʅ(۝ʅ(Ɵʅ():::()̵̳̗̊(Ɵʅ()vȯ)) ̷̨ʅ,44
0.743,0.679,10,-8.295,0,0.286,0.0757,0,0.347,0.618,147.752,278084,4,Meditate (feat. J.I.D.),54
0.705,0.351,7,-10.655,0,0.0541,0.253,0.678,0.107,0.175,70.023,173493,4,Our Time,35
0.604,0.845,6,-4.953,1,0.502,0.0231,0.00486,0.1,0.153,85.106,205796,4,Cake,37
0.628,0.872,7,-9.143,1,0.087,0.003,0.946,0.124,0.52,173.02,235840,4,Orange,43
0.735,0.569,6,-10.223,0,0.0319,0.363,0.315,0.105,0.235,120.006,320052,4,Wicked Game,44
0.784,0.91,1,-2.698,1,0.0824,0.00735,0.581,0.28,0.596,125.025,203520,4,ON FIRE,45
0.439,0.153,1,-8.95,1,0.0479,0.874,0,0.107,0.104,116.76,287693,3,Jealous,72
0.494,0.428,0,-7.239,0,0.205,0.236,0.0698,0.0816,0.44,87.724,157497,4,Mount Everest,79
0.574,0.664,11,-6.068,1,0.0409,0.0448,0.0553,0.146,0.226,144.654,91870,4,Formula,80
0.615,0.784,2,-5.446,1,0.139,0.00362,1.75e-5,0.133,0.405,115.205,183688,4,Stressed,56
0.736,0.559,7,-9.225,0,0.293,0.559,9.6e-4,0.0886,0.0354,150.049,179200,4,To Whom It May Concern,63
0.368,0.259,2,-15.208,1,0.0327,0.942,0.871,0.126,0.183,139.333,128783,4,The Forsaken Waltz,32
0.784,0.606,10,-14.039,0,0.162,0.0668,0.839,0.0752,0.923,139.991,277147,4,Dutch Flowerz,28
0.64,0.649,2,-10.345,1,0.0264,0.216,8.3e-5,0.0551,0.865,124.825,221053,4,Little Lies - 2017 Remaster,69
0.4,0.65,5,-6.104,0,0.0466,0.0118,7.62e-5,0.791,0.15,107.989,592920,4,Pyramids,70
0.453,0.782,8,-1.545,1,0.0382,7.02e-4,0.0443,0.238,0.411,122.022,198893,4,Wasted Nun,34
0.537,0.893,0,-5.459,1,0.0893,0.00252,0.0211,0.0636,0.499,183.78,227213,4,Plastic Beach (feat. Mick Jones and Paul Simonon),63
0.734,0.907,2,-2.327,1,0.303,0.0967,2.55e-6,0.605,0.487,144.99,244966,4,Blastin,34
0.561,0.886,2,-2.778,1,0.082,0.0229,0.00177,0.111,0.15,140.07,200857,4,Prayers,30
0.529,0.995,6,-4.264,1,0.129,0.00866,0.0725,0.116,0.208,74.981,185600,4,Alien,41
0.498,0.842,9,-4.561,0,0.051,7.2e-4,0.614,0.067,0.143,140.011,296756,4,Womp Portal,54
0.876,0.498,10,-7.511,1,0.0478,0.0706,0,0.143,0.428,122.016,173119,4,Neverita,85
0.655,0.782,8,-6.825,1,0.392,0.0105,0.00367,0.12,0.372,167.003,164723,4,Center Core Never More,67
0.683,0.969,0,-3.29,1,0.171,2.75e-4,0.126,0.94,0.595,170.017,226932,4,"My Swisher Sweet, But My Sig Sauer",65
0.894,0.767,10,-4.695,0,0.137,0.0231,2.36e-5,0.574,0.412,144.077,140289,4,Champagne Face,68
0.759,0.833,11,-5.01,1,0.0779,2.6e-4,0.0573,0.178,0.522,140.026,183919,4,BUCKHEAD,66
0.787,0.889,2,-3.125,1,0.128,0.00951,3.22e-4,0.652,0.677,156.027,172400,4,Sorry for the Delay,66
0.642,0.937,7,-4.058,1,0.15,0.0147,0.632,0.12,0.528,123.994,224908,4,The Last Goodbye (feat. Bettye LaVette) - Hayden James Remix,53
0.637,0.849,4,-3.827,0,0.0394,0.0238,0,0.0686,0.774,74.041,201429,4,Your Song,45
0.662,0.96,10,-4.161,0,0.0393,0.0029,0.205,0.277,0.3,124.986,190080,4,Leave Me Like This,66
0.767,0.878,8,-4.581,1,0.0648,0.0249,0.0294,0.147,0.401,125.018,196797,4,Hannah (the sun),46
0.839,0.69,11,-4.464,1,0.0615,0.207,8.33e-6,0.176,0.744,151.991,196413,4,Un Coco,80
0.633,0.395,8,-9.638,1,0.0857,0.692,2.22e-4,0.108,0.123,138.023,314075,4,Nikes,68
0.88,0.483,6,-6.419,0,0.248,0.515,0,0.159,0.806,125.024,247972,4,LIE TO ME,41
0.789,0.665,9,-5.201,1,0.0665,0.00775,0,0.109,0.324,127.914,270747,4,Missed Calls,47
0.616,0.581,1,-6.637,1,0.516,0.186,0,0.116,0.676,82.812,203378,4,Can’t Punk Me (feat. EARTHGANG),58
0.559,0.243,1,-12.453,1,0.0326,0.925,0.935,0.108,0.162,69.941,213000,4,Ylang Ylang,61
0.644,0.728,9,-8.396,0,0.029,9.88e-4,0.0279,0.473,0.607,132.488,235360,4,El Mañana,60
0.688,0.321,10,-10.827,1,0.0305,0.0451,0.00132,0.0939,0.0485,132.001,201004,4,Cocoon,55
0.545,0.545,9,-7.362,1,0.107,0.667,5.48e-5,0.417,0.549,159.94,184516,3,Pink + White,82
0.688,0.657,9,-8.551,1,0.219,0.00972,3.38e-6,0.866,0.734,87.183,247533,4,"Diesel Fluid (feat. Method Man, Trife Diesel & Cappadonna)",35
0.823,0.561,7,-7.33,1,0.322,0.00497,7.76e-5,0.142,0.561,91.979,158133,4,"As High as Wu-Tang Get (feat. Ol' Dirty Bastard, GZA & Method Man)",50
0.787,0.72,7,-7.569,1,0.313,0.223,0,0.633,0.521,121.003,253467,4,"Gravel Pit (feat. RZA, Method Man, Ghostface Killah, Raekwon & U-God)",55
0.593,0.879,7,-3.283,1,0.489,0.0413,0,0.0846,0.842,159.557,200000,4,On That Sht Again (feat. Ghostface Killah & RZA),37
0.826,0.566,10,-10.747,0,0.311,0.199,0,0.356,0.655,99.131,216133,4,"Wu-Tang Clan Ain't Nuthing ta F' Wit (feat. RZA, Inspectah Deck & Method Man)",63
0.677,0.933,6,-3.617,0,0.36,0.216,0,0.696,0.528,107.585,250827,4,"In the Hood (feat. RZA, Masta Killa, Inspectah Deck & Streetlife)",37
0.912,0.372,10,-11.427,0,0.334,0.0567,0.01,0.11,0.445,92.582,197200,4,After the Laughter Comes Tears - Tearz Vocal,44
0.63,0.846,5,-4.372,0,0.265,0.559,1.59e-6,0.482,0.742,84.99,204840,4,Do the Same as My Brother Do (feat. RZA),34
0.699,0.676,7,-5.837,1,0.0935,2.3e-4,0.971,0.0368,0.869,82.53,293827,4,Slow Blues - Instrumental,39
0.585,0.786,11,-6.483,0,0.0957,0.019,0,0.139,0.687,96.132,279773,4,Say What You Want (All Day Every Day),29
0.635,0.674,4,-6.771,0,0.342,0.015,1.01e-5,0.201,0.467,102.174,289733,4,"Severe Punishment (feat. U-God, GZA, Raekwon, RZA & Masta Killa)",43
0.846,0.875,7,-3.575,1,0.22,6.21e-4,2.39e-4,0.644,0.198,89.966,202667,4,Lesson Learn'd (feat. Inspectah Deck and Redman),42
0.503,0.755,1,-4.811,1,0.265,0.0307,0,0.266,0.807,79.422,136440,4,Molasses (feat. RZA),55
0.89,0.326,8,-15.409,0,0.382,0.158,1.65e-4,0.12,0.333,104.89,279227,4,"Da Mystery of Chessboxin' (feat. Method Man, U-God, Inspectah Deck, Raekwon, Ol' Dirty Bastard, Ghostface Killah & Masta Killa) - Radio Edit",31
0.794,0.627,11,-9.431,1,0.36,0.233,0,0.35,0.518,87.554,251467,4,"Bring Da Ruckus (feat. RZA, Ghostface Killah, Raekwon & Inspectah Deck)",60
0.934,0.459,1,-7.654,1,0.189,0.0516,0,0.222,0.697,103.04,239547,4,Got Your Money (feat. Kelis),64
0.753,0.724,8,-6.524,1,0.331,0.37,0.00124,0.431,0.697,102.988,286653,4,Iron Maiden,46
0.57,0.774,1,-3.677,0,0.25,0.32,3.32e-4,0.199,0.229,65.964,244293,4,Bounce,57
0.63,0.782,8,-5.44,0,0.132,0.0828,0,0.034,0.418,140.144,247947,4,Ayo Technology,65
0.531,0.574,10,-6.693,0,0.113,0.114,0.0308,0.256,0.272,115.68,232467,5,Carry Out (Featuring Justin Timberlake),65
0.975,0.711,8,-3.904,1,0.0632,0.168,5.52e-4,0.0799,0.815,110.621,234027,4,Give It To Me,77
0.731,0.807,3,-6.492,0,0.1,0.181,0.751,0.319,0.765,114.759,179120,4,The Way I Are,78
0.722,0.745,4,-6.059,0,0.0536,0.151,6.26e-6,0.337,0.607,95.021,309947,4,I'll Be There For You/You're All I Need To Get By - Puff Daddy Mix,57
0.827,0.488,11,-5.167,0,0.305,0.303,7.3e-4,0.0759,0.638,78.999,204549,4,That's Life,44
0.867,0.538,2,-16.183,1,0.361,0.242,1.75e-5,0.316,0.781,158.328,249933,4,Boombastic,67
0.837,0.736,10,-8.367,0,0.378,0.225,0,0.0549,0.905,104.907,234093,4,The Jump Off,51
0.764,0.744,1,-2.34,1,0.181,0.0109,1.22e-4,0.318,0.511,88.426,262213,4,Welcome Back,50
0.686,0.737,1,-13.267,1,0.449,0.297,0,0.0809,0.801,99.157,167093,3,Put Your Weight on It,11
0.808,0.765,6,-7.363,0,0.302,0.00916,1.96e-4,0.0515,0.761,92.044,254933,4,Livin' Proof,48
0.927,0.427,10,-8.304,0,0.391,0.0555,6.92e-4,0.241,0.652,95.23,215267,4,Get A Hold,50
0.782,0.597,1,-6.399,1,0.335,0.0568,0,0.582,0.528,94.631,243133,4,Give Up the Goods (Just Step) (feat. Big Noyd),56
0.773,0.581,8,-8.466,1,0.432,0.0352,0,0.485,0.711,94.093,203067,4,Find a Way,60
0.552,0.731,1,-7.497,1,0.509,0.0946,0,0.222,0.847,171.942,154480,4,Smoke Buddah,54
0.769,0.364,7,-14.337,1,0.415,0.158,0.0131,0.404,0.241,96.261,181627,4,Hippa to da Hoppa,45
0.897,0.466,10,-9.053,0,0.203,0.187,1.35e-6,0.0757,0.884,100.01,223133,4,Music (feat. Marvin Gaye),54
0.769,0.836,8,-4.15,1,0.244,0.0618,0,0.182,0.651,88.978,237720,4,Bucktown,53
0.562,0.764,0,-4.181,0,0.228,0.0481,0,0.415,0.777,80.277,155933,3,Macula's Theory,32
0.868,0.658,1,-8.945,1,0.318,0.0928,0,0.0846,0.769,94.125,164020,4,Nutshell,38
0.58,0.523,2,-9.779,1,0.0925,0.173,0.0647,0.334,0.488,89.964,206981,4,Time's Up,42
0.934,0.495,5,-7.483,0,0.346,0.0544,0,0.0934,0.836,101.781,221200,4,Street Talkin',58
0.891,0.607,10,-8.64,0,0.238,0.285,0,0.168,0.509,94.028,148053,4,Mind Playin' Tricks,46
0.891,0.319,4,-16.099,0,0.333,0.0933,1.04e-4,0.0482,0.687,92.649,284467,4,Smooth Operator,46
0.645,0.705,1,-5.008,1,0.299,8.13e-4,0,0.128,0.376,137.133,229670,4,"King's Dead (with Kendrick Lamar, Future & James Blake)",67
0.509,0.518,2,-10.208,1,0.0304,0.0853,5.84e-5,0.338,0.248,81.042,213560,4,"Right Here, Right Now (feat. Taska Black)",31
0.774,0.531,11,-7.176,0,0.0446,0.0595,0,0.0409,0.966,142.001,242333,4,Forever Loving Jah,56
0.778,0.377,5,-7.97,1,0.0839,0.527,0.0174,0.0865,0.84,77.368,229240,4,Gotta Find a Way,38
0.729,0.533,5,-9.325,1,0.0705,0.582,2.16e-5,0.122,0.79,75.052,206173,4,Have Some Mercy,37
0.855,0.473,11,-9.846,0,0.146,0.0719,2.71e-5,0.0795,0.682,139.175,218400,4,"Roots, Rock, Reggae",62
0.577,0.697,7,-6.004,1,0.28,0.203,0,0.113,0.665,81.945,171619,4,Skyline Drive,34
0.377,0.27,7,-10.477,1,0.0765,0.471,0.829,0.103,0.197,75.774,140629,4,Home,37
0.634,0.75,11,-3.973,1,0.0908,0.124,0.0964,0.291,0.168,95.106,207158,4,SOOTHSAYER,40
0.571,0.872,6,-4.495,0,0.0396,0.0444,3.26e-4,0.172,0.11,135.015,284440,4,Loneliness,23
0.751,0.746,10,-5.33,1,0.117,0.199,2.41e-6,0.117,0.309,167.993,180720,3,Too Young,35
0.569,0.581,8,-5.494,1,0.0343,0.212,0.00769,0.149,0.208,127.931,174387,4,S.O.S,58
0.686,0.667,2,-7.284,1,0.426,0.296,0,0.218,0.667,77.977,178292,4,Heaven’s EP (with J. Cole),62
0.534,0.288,10,-13.232,0,0.0331,0.195,5.21e-5,0.182,0.516,139.922,164571,4,Stevie Doesn't Wonder,69
0.934,0.61,4,-8.639,0,0.296,0.292,0.00315,0.0884,0.505,120.024,204000,4,LORD FORGIVE ME,44
0.487,0.369,11,-13.424,0,0.0406,0.736,3.75e-5,0.0925,0.106,183.114,289307,4,Gooey,66
0.531,0.902,5,-2.886,1,0.111,0.46,6.36e-5,0.124,0.366,94.009,219587,4,Diamonds + And Pearls,47
0.595,0.913,9,-6.225,0,0.0442,0.038,0.838,0.109,0.29,125,208359,4,Cinecittà,46
0.584,0.684,10,-4.314,0,0.567,0.312,9.05e-5,0.112,0.72,210.164,213573,4,Hell N Back,74
0.793,0.841,8,-5.726,0,0.0402,1.16e-4,0.924,0.109,0.233,125.008,424320,4,Defect,19
0.764,0.672,7,-5.947,0,0.0293,0.072,3.32e-6,0.0806,0.789,129.049,136614,4,Good Ones,63
0.576,0.848,9,-5.935,1,0.0333,0.00161,0.00144,0.11,0.532,130.026,277433,4,Dancing In The Shadows,43
0.77,0.482,0,-9.796,0,0.0903,0.308,0.0802,0.0927,0.189,120.006,230040,4,Numb,52
0.679,0.915,0,-10.554,1,0.0458,0.00992,0.795,0.0925,0.106,124.005,389801,4,UUUU,54
0.406,0.401,3,-15.653,0,0.413,0.66,0,0.318,0.518,72.947,295776,4,"Don't Ask, Don't Tell (feat. redveil, Sam Truth & Glen the Saiyan)",41
0.624,0.966,6,-3.155,0,0.041,0.0729,4.84e-6,0.181,0.758,124.984,182463,4,Better (feat. Teddy Swims),62
0.645,0.544,6,-7.185,0,0.0346,0.0746,0.621,0.107,0.131,133.986,194186,4,Walk Thru Water,41
0.6,0.931,1,-6.864,1,0.0973,0.00783,0.00149,0.115,0.304,134.868,157440,4,"They Want It, But No",57
0.766,0.539,7,-4.927,1,0.0479,0.402,0,0.104,0.888,120.175,188501,4,Sexy Villain,61
0.563,0.44,9,-11.943,0,0.0822,0.286,0.683,0.269,0.213,120.009,276373,4,TERRITORY,64
0.502,0.641,1,-6.271,1,0.467,0.269,5.01e-6,0.197,0.212,75.008,268667,4,"Pro Freak (with Doechii, Fatman Scoop)",57
0.705,0.712,6,-6.156,1,0.0385,0.0102,8.55e-4,0.1,0.62,97.512,299960,4,Little Dark Age,78
0.891,0.586,11,-4.665,1,0.121,0.0833,0,0.213,0.954,130.012,134548,4,"I'm Good Luv, Enjoy.",67
0.435,0.768,6,-5.352,0,0.201,0.0857,2.31e-4,0.0918,0.378,107.588,239888,4,Escapism. - Sped Up,84
0.597,0.633,2,-7.101,1,0.105,0.0398,0,0.103,0.358,93.3,214000,4,Ups And Downs,34
0.812,0.448,5,-11.048,1,0.0505,0.11,0.00126,0.0542,0.874,116.557,199560,4,What Does It Take (To Win Your Love),44
0.853,0.649,1,-6.148,1,0.313,0.0538,0.00877,0.361,0.158,75.52,155762,4,Bandzzz,32
0.633,0.938,11,-0.783,1,0.175,3.1e-4,0.253,0.163,0.27,74.871,67175,4,Here It Comes,30
0.83,0.974,1,-0.748,1,0.311,0.0524,5.6e-4,0.741,0.43,143.788,130833,4,Zipper,15
0.564,0.592,0,-6.58,0,0.0473,0.313,1.13e-4,0.232,0.0724,117.748,257962,4,Cassandra,55
0.661,0.937,10,-3.83,0,0.0744,9.67e-4,1.58e-5,0.355,0.535,130.999,249067,4,Judas,45
0.586,0.827,11,-5.103,1,0.151,0.0036,0,0.328,0.514,123.905,260253,4,Born This Way,40
0.851,0.806,4,-4.62,1,0.0787,0.118,1.64e-6,0.121,0.787,118.999,237200,4,Poker Face,55
0.762,0.692,5,-3.973,0,0.0438,0.113,0,0.094,0.397,114.906,208307,4,Paparazzi,54
0.894,0.678,6,-5.611,0,0.0523,0.00569,2.43e-6,0.317,0.844,105.024,216333,4,LoveGame,54
0.822,0.739,1,-4.541,0,0.0311,0.0264,4.26e-5,0.181,0.745,118.992,241933,4,Just Dance,53
0.623,0.793,11,-6.63,0,0.0462,3.97e-4,0.0015,0.375,0.36,98.998,274213,4,Alejandro,68
0.696,0.921,0,-3.755,1,0.0363,0.00314,5.24e-5,0.0842,0.714,119.001,294573,4,Bad Romance,79
0.822,0.739,1,-4.541,0,0.0311,0.0264,4.26e-5,0.181,0.745,118.992,241933,4,Just Dance,73
0.851,0.806,4,-4.62,1,0.0787,0.118,1.64e-6,0.121,0.787,118.999,237200,4,Poker Face,74
0.798,0.636,6,-10.52,1,0.0431,0.327,0,0.128,0.799,139.98,377000,4,Ramta Jogi,54
0.778,0.737,0,-7.073,1,0.195,0.178,6.83e-6,0.0632,0.9,125.031,394162,4,Phir Milenge Chalte Chalte,49
0.334,0.3,2,-12.359,0,0.0377,0.863,1.62e-6,0.195,0.158,147.076,101799,4,Tujh Mein Rab Dikhta Hai - Ii,64
0.884,0.893,5,-6.141,0,0.162,0.138,9.22e-4,0.0614,0.937,128.024,261016,4,Dance Pe Chance,55
0.56,0.604,8,-8.732,1,0.0866,0.315,1.12e-6,0.176,0.75,84.784,281574,4,Tujh Mein Rab Dikhta Hai,68
0.853,0.745,9,-8.636,0,0.109,0.0642,1.87e-6,0.0274,0.882,107.985,359253,4,Tumse Milke Dil Ka,66
0.578,0.482,5,-10.503,1,0.0378,0.219,0,0.55,0.38,139.831,255493,4,Main Hoon Na(Sad),42
0.75,0.861,1,-11.029,1,0.0613,0.0755,0.00586,0.202,0.744,117.593,324053,4,Chale Jaise Hawaien,54
0.734,0.903,0,-3.972,0,0.0649,0.432,0.00569,0.2,0.712,102.009,341147,4,Tumhe Jo Maine Dekha,59
