"","...1","danceability","energy","key","loudness","mode","speechiness","acousticness","instrumentalness","liveness","valence","tempo","duration_ms","time_signature","track.name","track.popularity","listener_id"
"1",1,0.903,0.539,9,-8.565,1,0.367,0.0889,0,0.305,0.758,139.926,179493,4,"Bank",44,"Kiran"
"2",2,0.774,0.316,4,-15.797,0,0.252,0.387,0.000111,0.0733,0.321,109.964,242991,4,"Ten Ten",24,"Kiran"
"3",3,0.426,0.491,5,-8.345,1,0.0394,0.137,0.00573,0.116,0.214,143.724,383152,4,"Hapi (with Benji. & EARTHGANG feat. Mereba, Big Rube)",35,"Kiran"
"4",4,0.467,0.934,2,-2.253,1,0.0588,0.00561,0.00186,0.107,0.135,149.967,187000,4,"Cheatcode",45,"Kiran"
"5",5,0.25,0.707,4,-6.118,1,0.0304,0.011,0.712,0.152,0.262,90.081,358741,4,"Ugo",46,"Kiran"
"6",6,0.87,0.446,4,-9.062,0,0.271,0.22,5.77e-05,0.236,0.512,119.981,137000,4,"Compare",51,"Kiran"
"7",7,0.416,0.248,10,-14.62,1,0.14,0.647,0.427,0.113,0.134,161.667,433916,4,"A&W",78,"Kiran"
"8",8,0.895,0.878,6,-6.82,0,0.297,0.00843,3.98e-06,0.522,0.902,132.122,218053,4,"It's a Kuruption Ting",41,"Kiran"
"9",9,0.137,0.302,0,-10.41,1,0.033,0.361,0.886,0.27,0.0847,142.483,213125,3,"Dream 1.2.2 [2016 Export Wav]",51,"Kiran"
"10",10,0.839,0.354,1,-14.909,1,0.125,0.216,0.00191,0.105,0.573,135.924,134762,4,"Nice 2 Know U 1.5.3 [2020 Export Wav]",54,"Kiran"
"11",11,0.7,0.721,8,-5.824,1,0.0338,0.128,0.285,0.101,0.128,123.996,293282,4,"Why 1.3 [2012 Export Wav]",54,"Kiran"
"12",12,0.527,0.869,9,-4.63,1,0.0789,0.085,0.0884,0.473,0.457,149.964,121600,4,"OURS",48,"Kiran"
"13",13,0.546,0.942,11,-6.761,0,0.856,0.37,0,0.376,0.405,93.936,146233,4,"Counting Sheep (V2) [2018 Export Wav] feat. Injury Reserve",57,"Kiran"
"14",14,0.81,0.864,11,-5.086,1,0.0374,0.0339,0.927,0.0593,0.768,124.992,168000,4,"One Three Nine",50,"Kiran"
"15",15,0.444,0.557,0,-5.476,1,0.0602,0.453,0,0.152,0.296,115.058,234910,4,"Never Be Like You (feat. Kai)",63,"Kiran"
"16",16,0.566,0.547,1,-9.777,0,0.135,0.132,0.000166,0.538,0.267,70,173372,4,"THE_EVIL_THAT_MEN_DO",53,"Kiran"
"17",17,0.752,0.822,1,-5.837,1,0.098,0.0356,0.0615,0.14,0.454,126.068,190476,4,"Selecta",55,"Kiran"
"18",18,0.584,0.608,10,-9.09,0,0.454,0.499,0,0.137,0.482,134.418,178286,4,"Old Ways",31,"Kiran"
"19",19,0.84,0.717,10,-4.368,0,0.105,0.12,1.29e-05,0.298,0.675,96.224,258640,4,"I Get Around",55,"Kiran"
"20",20,0.698,0.5,9,-12.801,1,0.214,0.424,1.1e-05,0.108,0.172,101.04,295733,4,"Without You",41,"Kiran"
"21",21,0.915,0.591,8,-10.536,0,0.608,0.072,0,0.0947,0.867,139.915,185339,4,"Jansport",34,"Kiran"
"22",22,0.692,0.502,8,-11.866,1,0.0524,0.00542,0.894,0.161,0.463,114.146,258511,4,"Akeldama",31,"Kiran"
"23",23,0.919,0.507,4,-8.479,0,0.0888,0.0776,0,0.143,0.511,134.971,201360,4,"Meant to Be (feat. Jacob Hemphill)",44,"Kiran"
"24",24,0.34,0.823,4,-7.181,1,0.0455,0.0854,0.668,0.141,0.0389,119.972,246405,4,"Hopeful",0,"Kiran"
"25",25,0.733,0.872,2,-5.683,0,0.132,0.0239,0.00304,0.38,0.195,128.007,195707,4,"Butterflies",59,"Kiran"
"26",26,0.719,0.919,8,-3.962,0,0.171,0.00265,0.00165,0.144,0.841,80.005,208688,4,"TOO BIZARRE (juked)",58,"Kiran"
"27",27,0.703,0.877,8,-5.736,1,0.0461,0.0387,0.737,0.21,0.424,145.047,215172,4,"A Street I Know",59,"Kiran"
"28",28,0.697,0.633,5,-5.288,0,0.1,0.00182,0.2,0.109,0.369,140.216,185571,4,"Tears",61,"Kiran"
"29",29,0.635,0.967,0,-4.529,1,0.0753,0.00131,0.211,0.325,0.576,129.95,303218,4,"Still Here (with the ones that I came with)",58,"Kiran"
"30",30,0.683,0.786,10,-4.721,0,0.139,0.0621,0,0.184,0.282,75,216000,4,"Hydrate",59,"Kiran"
"31",31,0.889,0.6,9,-10.603,1,0.144,0.0145,0,0.08,0.501,123.978,126774,4,"RATATA",67,"Kiran"
"32",32,0.706,0.55,5,-12.764,0,0.0407,0.0477,0.0161,0.109,0.637,145.001,205241,4,"Inhale Exhale",60,"Kiran"
"33",33,0.525,0.827,6,-5.489,1,0.404,0.0327,0,0.168,0.693,101.042,156947,4,"Go DJ",46,"Kiran"
"34",34,0.712,0.667,7,-7.121,1,0.146,0.377,2e-06,0.247,0.635,155.957,215347,4,"UP",0,"Kiran"
"35",35,0.757,0.713,1,-4.467,0,0.323,0.156,1.25e-06,0.182,0.304,107.186,185103,4,"Cocktail",36,"Kiran"
"36",36,0.695,0.803,10,-3.841,0,0.296,0.357,1.22e-06,0.132,0.681,131.326,204148,4,"Build",31,"Kiran"
"37",37,0.572,0.79,0,-6.573,1,0.461,0.438,0,0.989,0.416,79.87,234893,4,"Momma Told Me",36,"Kiran"
"38",38,0.679,0.485,1,-13.315,0,0.494,0.513,0,0.324,0.832,76.416,336980,4,"Monday",40,"Kiran"
"39",39,0.736,0.783,1,-6.765,1,0.0504,0.00476,0.0055,0.343,0.179,127.998,234411,4,"Unholy (feat. Kim Petras) - Disclosure Remix",63,"Kiran"
"40",40,0.551,0.865,4,-5.913,0,0.037,0.0319,0.394,0.311,0.177,172.053,131229,4,"Summertime",35,"Kiran"
"41",41,0.831,0.573,0,-6.515,0,0.0593,0.0435,5.22e-05,0.26,0.674,99.979,224813,4,"Feelin' Myself",36,"Kiran"
"42",42,0.521,0.398,2,-7.02,0,0.0426,0.78,0.000841,0.103,0.26,128.066,376493,4,"Lines",0,"Kiran"
"43",43,0.646,0.77,2,-6.596,0,0.226,0.00249,0,0.0715,0.681,99.165,236133,4,"Crazy In Love (feat. Jay-Z)",75,"Kiran"
"44",44,0.81,0.783,8,-6.18,1,0.0503,0.0166,0.0967,0.3,0.49,150.057,168332,4,"Good Space",29,"Kiran"
"45",45,0.633,0.55,9,-9.965,1,0.0924,0.649,0.000363,0.147,0.333,147.099,262248,4,"Heat Waves - Slowed",68,"Kiran"
"46",46,0.183,0.876,2,-5.495,0,0.051,0.0104,0.359,0.267,0.771,187.775,154720,4,"The Godfather",32,"Kiran"
"47",47,0.263,0.996,9,-3.588,1,0.17,0.012,0.79,0.0775,0.0738,108.018,184884,4,"Red Tsunami",17,"Kiran"
"48",48,0.731,0.563,2,-4.046,1,0.131,0.191,0.000423,0.296,0.452,184.004,240427,4,"Clumsy",59,"Kiran"
"49",49,0.911,0.666,2,-7.133,1,0.233,0.0669,4.12e-05,0.116,0.824,145.734,186907,4,"Take Da Charge",60,"Kiran"
"50",50,0.667,0.956,6,-5.563,1,0.287,0.00385,0.0184,0.303,0.17,129.991,279692,4,"Sacrifice",59,"Kiran"
"51",51,0.561,0.643,7,-9.791,1,0.0262,0.0186,0.582,0.103,0.748,130.126,228200,4,"Malibu Babylon",12,"Kiran"
"52",52,0.565,0.58,9,-6.951,0,0.0268,0.074,0.783,0.382,0.432,109.968,286787,4,"Isla de los Suenos",4,"Kiran"
"53",53,0.935,0.259,1,-11.088,0,0.0517,0.378,0.000463,0.0611,0.931,112.019,171696,4,"Electric U",61,"Kiran"
"54",54,0.655,0.714,7,-7.78,0,0.0572,0.0512,0.48,0.32,0.131,123.002,210562,4,"Food for the Soul",54,"Kiran"
"55",55,0.883,0.584,7,-2.102,0,0.0465,0.0392,4.39e-06,0.0869,0.784,144.975,161067,4,"Consideration",72,"Kiran"
"56",56,0.584,0.948,2,-2.247,1,0.0769,0.013,0.00133,0.126,0.398,140.103,218143,4,"Die A God",46,"Kiran"
"57",57,0.547,0.695,9,-4.969,1,0.0337,0.108,0.00301,0.14,0.641,144.684,241987,4,"'Cause I'm A Man",59,"Kiran"
"58",58,0.502,0.699,5,-5.528,1,0.0333,0.0055,0,0.171,0.354,111.024,185773,4,"Love/Paranoia",62,"Kiran"
"59",59,0.47,0.809,8,-6.74,1,0.0495,0.272,0.00671,0.0491,0.49,151.836,363240,4,"New Person, Same Old Mistakes",76,"Kiran"
"60",60,0.563,0.75,11,-4.496,1,0.127,0.113,0,0.0788,0.812,173.906,222920,4,"Rude Boy",78,"Kiran"
"61",61,0.871,0.44,11,-6.25,0,0.0761,0.499,4.15e-06,0.114,0.799,137.996,221267,4,"Day 'N' Nite (nightmare)",66,"Kiran"
"62",62,0.775,0.726,9,-5.629,1,0.0369,0.0399,0.0235,0.11,0.206,126.999,185120,4,"Stereo Love - Radio Edit",0,"Kiran"
"63",63,0.677,0.671,7,-4.905,1,0.0361,0.004,5.07e-05,0.413,0.527,137.046,238920,4,"SOS",75,"Kiran"
"64",64,0.81,0.755,0,-6.408,1,0.199,0.291,0,0.0857,0.625,130.991,246573,4,"Glamorous",68,"Kiran"
"65",65,0.892,0.714,4,-6.055,0,0.141,0.201,0.000234,0.0521,0.817,100.972,267267,4,"Rock Your Body",73,"Kiran"
"66",66,0.771,0.68,11,-5.881,0,0.224,0.277,1.18e-05,0.682,0.808,119.952,276160,4,"My Love (feat. T.I.)",69,"Kiran"
"67",67,0.791,0.713,5,-3.742,0,0.254,0.0163,0,0.189,0.514,130.012,192573,4,"DONTTRUSTME",50,"Kiran"
"68",68,0.607,0.805,11,-5.579,0,0.0608,0.00175,0,0.231,0.232,139.894,202667,4,"STARSTRUKK (feat. Katy Perry)",61,"Kiran"
"69",69,0.607,0.783,7,-4.41,1,0.0397,0.000683,0,0.0678,0.434,113.172,231173,4,"Let It Rock",62,"Kiran"
"70",70,0.762,0.692,5,-3.973,0,0.0438,0.113,0,0.094,0.397,114.906,208307,4,"Paparazzi",67,"Kiran"
"71",71,0.644,0.939,11,-3.486,0,0.0456,0.157,0,0.233,0.861,106.031,208107,4,"Paralyzer",71,"Kiran"
"72",72,0.606,0.591,0,-7.228,0,0.087,0.0756,0,0.328,0.477,95.802,252973,4,"Summer Love",64,"Kiran"
"73",73,0.738,0.673,10,-3.377,0,0.205,0.0463,0,0.0604,0.565,140.068,250667,4,"Kiss Kiss (feat. T-Pain)",0,"Kiran"
"74",74,0.662,0.507,5,-8.238,1,0.118,0.257,0,0.0465,0.676,86.412,223440,4,"My Boo",74,"Kiran"
"75",75,0.943,0.809,5,-4.23,0,0.0483,0.404,0,0.0787,0.96,118.968,213320,4,"Smack That",33,"Kiran"
"76",76,0.588,0.391,0,-8.596,0,0.0334,0.839,0,0.195,0.349,144.053,224630,4,"Unfaithful",0,"Kiran"
"77",77,0.582,0.57,6,-9.184,1,0.273,0.167,0,0.229,0.595,94.83,206853,4,"So Sick",30,"Kiran"
"78",78,0.951,0.597,0,-4.651,0,0.0669,0.104,0,0.0718,0.819,125.024,216467,4,"Temperature",0,"Kiran"
"79",79,0.803,0.454,8,-4.802,0,0.0294,0.352,0,0.0655,0.739,99.99,192213,4,"Me & U",71,"Kiran"
"80",80,0.779,0.64,7,-8.415,1,0.159,0.000155,0.00077,0.101,0.498,99.019,246960,4,"Pon de Replay",0,"Kiran"
"81",81,0.185,0.344,7,-9.378,1,0.0295,0.81,0,0.166,0.424,178.635,164160,3,"Ooo Baby Baby",59,"Kiran"
"82",82,0.407,0.943,11,-1.735,1,0.324,0.0363,0.0515,0.319,0.306,173.495,195862,4,"Realise",52,"Kiran"
"83",83,0.494,0.842,7,-4.784,1,0.0843,0.00579,0,0.122,0.574,162.011,229093,4,"Sugar, We're Goin Down",74,"Kiran"
"84",84,0.733,0.71,5,-5.849,0,0.0292,0.145,0.115,0.0956,0.965,127.975,239600,4,"Pumped Up Kicks",79,"Kiran"
"85",85,0.693,0.57,9,-8.103,1,0.237,0.283,2.43e-06,0.282,0.502,109.958,198087,4,"Slow It Down (feat. Jordan Dennis)",16,"Kiran"
"86",86,0.748,0.546,3,-8.898,1,0.0368,0.579,0.695,0.0919,0.822,79.762,96400,4,"Fillmoe",37,"Kiran"
"87",87,0.681,0.647,1,-9.559,0,0.345,0.107,2.09e-06,0.352,0.614,168.012,2e+05,4,"Spit in Ur Face B",36,"Kiran"
"88",88,0.878,0.714,8,-6.344,1,0.239,0.0528,7.64e-06,0.143,0.636,150.029,195600,4,"Big Shot Cream Soda",70,"Kiran"
"89",89,0.516,0.877,1,-3.52,1,0.0435,0.00212,0,0.329,0.235,111.968,214587,4,"Stay",51,"Kiran"
"90",90,0.797,0.504,0,-6.538,1,0.114,0.0199,2.46e-05,0.198,0.178,114.994,128418,4,"O Pana!",66,"Kiran"
"91",91,0.77,0.819,0,-5.325,1,0.0946,0.00866,9.14e-05,0.293,0.228,129.96,214230,4,"Grayscale",49,"Kiran"
"92",92,0.403,0.965,6,-2.238,1,0.0964,3.81e-05,0.000276,0.341,0.431,112.363,236293,4,"King For A Day",74,"Kiran"
"93",93,0.539,0.671,1,-8,0,0.0379,0.00387,0.766,0.361,0.225,86.993,234013,4,"Beg for Me",50,"Kiran"
"94",94,0.324,0.416,11,-8.92,0,0.0368,0.262,3.69e-05,0.11,0.151,113.986,236053,4,"Young And Beautiful",79,"Kiran"
"95",95,0.566,0.647,1,-6.815,0,0.0335,0.0477,0,0.121,0.22,111.96,264773,4,"Summertime Sadness",72,"Kiran"
"96",96,0.236,0.249,6,-9.595,0,0.0348,0.811,1e-06,0.087,0.181,72.847,281960,5,"Video Games",67,"Kiran"
"97",97,0.753,0.484,9,-7.519,1,0.258,0.0149,0,0.135,0.597,79.668,211560,4,"Caress Me Down",58,"Kiran"
"98",98,0.464,0.754,9,-6.653,0,0.128,0.465,1.57e-05,0.37,0.444,86.501,235627,4,"Soundtrack 2 My Life",63,"Kiran"
"99",99,0.399,0.696,4,-9.98,0,0.0297,0.00141,0.871,0.339,0.792,126.835,159444,4,"Pingpxng",45,"Kiran"
"100",100,0.847,0.601,11,-6.311,0,0.103,0.163,0.787,0.11,0.548,139.996,75429,4,"AirplaneMode",72,"Kiran"
"101",101,0.564,0.71,11,-4.92,0,0.0461,0.00125,0,0.109,0.393,91.972,225147,4,"Diamonds",73,"Kiran"
"102",102,0.651,0.647,1,-5.415,1,0.0654,0.437,0.175,0.205,0.345,152.069,203733,4,"Seek & Destroy",78,"Kiran"
"103",103,0.486,0.839,10,-4.5,1,0.158,0.327,0,0.048,0.398,165.948,296227,4,"Love The Way You Lie (Part II) - Pt. 2",59,"Kiran"
"104",104,0.475,0.577,7,-3.979,1,0.0341,0.219,0,0.121,0.319,169.897,251600,4,"California King Bed",45,"Kiran"
"105",105,0.788,0.71,11,-4.24,0,0.0426,0.113,1.22e-05,0.0638,0.632,125.919,235493,4,"Only Girl (In The World)",55,"Kiran"
"106",106,0.69,0.786,2,-2.959,1,0.0692,0.229,0,0.0797,0.583,100.049,263173,4,"What's My Name?",55,"Kiran"
"107",107,0.766,0.682,1,-5.02,1,0.0419,0.0113,0.00016,0.104,0.833,127.966,243533,4,"S&M",54,"Kiran"
"108",108,0.707,0.813,11,-4.515,0,0.0571,0.0863,0,0.168,0.722,124.921,238627,4,"Disturbia",77,"Kiran"
"109",109,0.835,0.669,6,-5.582,0,0.0643,0.0336,6.92e-05,0.0535,0.542,122.668,267080,4,"Don't Stop The Music",79,"Kiran"
"110",110,0.378,0.566,9,-7.685,0,0.0482,0.149,0,0.382,0.196,87.691,328907,3,"Keep The Family Close",55,"Kiran"
"111",111,0.858,0.426,10,-8.879,0,0.0402,0.00586,0.761,0.0977,0.419,89.981,192897,4,"Take Me Where Your Heart Is",58,"Kiran"
"112",112,0.753,0.836,1,-5.506,0,0.044,0.101,0.000896,0.118,0.661,121.95,160850,4,"Afterparty",61,"Kiran"
"113",113,0.403,0.698,9,-5.058,0,0.0357,0.00171,0.00126,0.256,0.0833,159.869,252954,4,"Lullabies - Adventure Club Remix",49,"Kiran"
"114",114,0.846,0.891,1,-4.902,0,0.0652,0.000394,0.803,0.124,0.94,126.029,156216,4,"In The Yuma (feat. Aatig)",69,"Kiran"
"115",115,0.562,0.888,8,-5.647,0,0.0569,0.0172,8.85e-06,0.137,0.493,126.032,130952,4,"Fall Through",36,"Kiran"
"116",116,0.609,0.94,10,-6.097,1,0.0617,0.00124,0.269,0.15,0.238,128.001,188592,4,"Miracle Maker",65,"Kiran"
"117",117,0.637,0.863,1,-2.095,1,0.065,0.00284,9.06e-05,0.543,0.716,75.069,145600,4,"Let It Spin",39,"Kiran"
"118",118,0.676,0.56,4,-6.024,0,0.0643,0.0112,0.00403,0.137,0.551,178.555,219332,4,"Make It Better (feat. Smokey Robinson)",60,"Kiran"
"119",119,0.372,0.53,1,-9.519,1,0.116,0.229,0.000954,0.627,0.169,136.976,187125,4,"Lydia (please make it better)",48,"Kiran"
"120",120,0.641,0.563,6,-10.532,1,0.0566,0.296,0.924,0.122,0.171,122.001,350164,5,"Atlas",46,"Kiran"
"121",121,0.706,0.996,1,-0.37,0,0.171,0.0337,0.0955,0.332,0.606,140.136,156857,4,"BURN",10,"Kiran"
"122",122,0.783,0.81,10,-4.041,0,0.0794,0.0226,0.257,0.119,0.38,124.028,305817,4,"California - Chris Lake & Matroda Remix",40,"Kiran"
"123",123,0.794,0.684,1,-7.594,1,0.0668,0.00634,0.298,0.0881,0.542,123.024,168171,4,"Magic Carpet",48,"Kiran"
"124",124,0.795,0.797,10,-5.96,0,0.0634,0.00438,0.302,0.129,0.627,124.952,189614,4,"Rave Grave",41,"Kiran"
"125",125,0.707,0.893,7,-7.449,1,0.0543,0.00712,0.819,0.0802,0.159,130.009,498462,4,"The Sound Of Space",51,"Kiran"
"126",126,0.559,0.32,6,-7.694,1,0.0414,0.0644,0.132,0.173,0.497,147.366,341200,4,"Malibu 1992",59,"Kiran"
"127",127,0.302,0.557,9,-5.737,0,0.0326,0.063,0.344,0.118,0.103,113.563,411912,4,"the BLACK seminole.",71,"Kiran"
"128",128,0.598,0.476,1,-10.168,1,0.0275,0.161,0,0.0513,0.533,114.977,238240,4,"We Have No Secrets",34,"Kiran"
"129",129,0.884,0.334,1,-18.943,0,0.228,0.0476,0.0588,0.107,0.571,98.315,261267,4,"Rebirth Of Slick (Cool Like Dat)",56,"Kiran"
"130",130,0.858,0.767,7,-8.645,1,0.302,0.00666,0,0.0489,0.753,91.522,226800,4,"Ya Playin' Yaself",47,"Kiran"
"131",131,0.683,0.74,11,-6.041,0,0.0462,0.00228,0,0.238,0.65,129.515,281773,4,"Thuggish Ruggish Bone",65,"Kiran"
"132",132,0.708,0.305,9,-14.003,1,0.817,0.138,3.08e-06,0.139,0.691,174.154,259453,4,"Sound Bwoy Bureill",45,"Kiran"
"133",133,0.812,0.6,7,-9.414,1,0.254,0.00308,8.38e-06,0.173,0.555,97.338,226440,4,"Award Tour",61,"Kiran"
"134",134,0.804,0.823,1,-5.422,0,0.256,0.0812,0,0.0794,0.719,87.322,300200,4,"Temperature's Rising (feat. Crystal Johnson)",53,"Kiran"
"135",135,0.726,0.603,9,-8.283,0,0.0613,0.309,0.0519,0.102,0.284,122.024,250291,4,"Faisal (envelops me)",54,"Kiran"
"136",136,0.61,0.76,0,-7.028,1,0.0582,0.0411,0.00975,0.12,0.458,129.93,229000,4,"Roze (forgive)",55,"Kiran"
"137",137,0.648,0.775,5,-4.798,1,0.0694,0.0561,0,0.444,0.371,128.072,217266,4,"Billie (loving arms)",54,"Kiran"
"138",138,0.751,0.478,11,-10.046,0,0.0432,0.35,5.73e-05,0.102,0.381,119.948,200612,4,"halfway",16,"Kiran"
"139",139,0.533,0.496,6,-9.363,0,0.517,0.77,0.000164,0.0969,0.173,155.158,347987,4,"2009",66,"Kiran"
"140",140,0.779,0.937,9,-6.269,0,0.0496,0.0443,0.101,0.0912,0.49,125.025,185000,4,"San Frandisco",57,"Kiran"
"141",141,0.716,0.897,4,-7.185,0,0.0629,0.012,0.262,0.325,0.358,127.03,274142,4,"New Gold (feat. Tame Impala and Bootie Brown) - Dom Dolla Remix",70,"Kiran"
"142",142,0.805,0.884,1,-4.584,0,0.0573,0.139,0.00774,0.0729,0.478,119.991,131240,4,"SHOOTERS",61,"Kiran"
"143",143,0.715,0.945,2,-6.464,0,0.0615,0.031,0.0845,0.268,0.599,132.005,238830,4,"Kammy (like i do)",57,"Kiran"
"144",144,0.687,0.413,6,-11.68,1,0.145,0.554,0.006,0.123,0.183,119.968,168245,4,"Chika (scared)",52,"Kiran"
"145",145,0.767,0.878,8,-4.581,1,0.0648,0.0249,0.0294,0.147,0.401,125.018,196797,4,"Hannah (the sun)",57,"Kiran"
"146",146,0.781,0.765,0,-8.228,1,0.221,0.163,0.00112,0.903,0.64,125.197,222250,4,"Tate (how i feel)",59,"Kiran"
"147",147,0.531,0.803,1,-3.284,1,0.0717,0.0796,1.71e-05,0.176,0.221,142.113,299613,4,"All Of The Lights",75,"Kiran"
"148",148,0.795,0.83,2,-5.358,1,0.0332,0.00102,0.0345,0.0964,0.601,127.008,257056,3,"Kiss It Better",54,"Kiran"
"149",149,0.716,0.917,6,-5.091,1,0.0331,0.123,0.396,0.0628,0.751,124.032,160669,4,"Welcome To The People",62,"Kiran"
"150",150,0.405,0.808,0,-3.867,0,0.0355,0.18,0.000412,0.133,0.32,122.043,232129,4,"Define",54,"Kiran"
"151",151,0.542,0.487,1,-9.53,1,0.0286,0.0544,0.000885,0.0872,0.119,111.307,216631,4,"Her Way",76,"Kiran"
"152",152,0.584,0.596,7,-5.036,0,0.0722,0.0432,4.87e-06,0.0973,0.0427,119.682,228000,4,"Painted",30,"Kiran"
"153",153,0.855,0.872,0,-1.261,1,0.324,0.0851,0.0148,0.169,0.306,75.011,183775,4,"Death Wish",0,"Kiran"
"154",154,0.663,0.381,5,-9.129,0,0.0346,0.362,0.000321,0.131,0.24,120.057,241120,4,"Something Tells Me",54,"Kiran"
"155",155,0.463,0.561,10,-6.943,1,0.235,0.469,0,0.157,0.35,85.148,475827,4,"Perfect Circle / God Speed",55,"Kiran"
"156",156,0.672,0.868,11,-6.525,0,0.0412,0.00185,0.492,0.244,0.491,126.03,153183,4,"Lost",61,"Kiran"
"157",157,0.862,0.484,9,-13.12,0,0.0867,0.0112,0.00433,0.316,0.542,124.928,126720,4,"Fake ID (Coke & Rum Remix)",66,"Kiran"
"158",158,0.809,0.685,4,-10.194,0,0.0864,0.0842,0.918,0.0641,0.231,123.498,439190,4,"Alles",36,"Kiran"
"159",159,0.654,0.776,10,-7.573,0,0.156,0.00727,0.00478,0.206,0.135,122.011,192295,4,"Heavy Hearted",48,"Kiran"
"160",160,0.626,0.85,6,-4.601,0,0.0336,0.134,0.00111,0.235,0.335,122.012,178042,4,"Streets",14,"Kiran"
"161",161,0.701,0.744,0,-5.718,0,0.031,0.0998,0.00139,0.0927,0.534,125.045,150450,4,"Love Is Just a Game",59,"Kiran"
"162",162,0.706,0.824,1,-7.036,1,0.133,0.0547,0.00162,0.0448,0.536,123.965,185133,4,"Never Let Me Down",41,"Kiran"
"163",163,0.733,0.693,11,-8.165,1,0.0326,0.0127,0.066,0.089,0.104,126.006,230476,4,"Alive",45,"Kiran"
"164",164,0.741,0.744,9,-6.081,1,0.079,0.0133,0.89,0.349,0.696,126.035,204762,4,"The Reason",54,"Kiran"
"165",165,0.67,0.833,7,-8.365,1,0.0522,0.132,0.195,0.109,0.522,127.984,205125,4,"Live Without Your Love (with Steve Lacy)",50,"Kiran"
"166",166,0.875,0.475,9,-12.673,0,0.0986,0.44,0.72,0.046,0.384,99.958,232667,4,"Something About Us",66,"Kiran"
"167",167,0.85,0.927,8,-4.265,1,0.0422,0.000192,0.00659,0.0683,0.601,128.004,153750,4,"A Milli - SIDEPIECE Remix",59,"Kiran"
"168",168,0.683,0.932,8,-10.402,1,0.0513,0.0389,0.605,0.0615,0.553,125.002,235786,4,"Drugs From Amsterdam",75,"Kiran"
"169",169,0.363,0.14,7,-15.783,1,0.0333,0.973,0.000464,0.136,0.13,114.127,397973,4,"Whatever's Written in Your Heart",29,"Kiran"
"170",170,0.497,0.349,7,-14,1,0.0297,0.0929,0.028,0.259,0.421,113.762,365627,4,"Baker Street",65,"Kiran"
"171",171,0.527,0.591,6,-7.664,0,0.0396,0.194,0.0194,0.0907,0.461,123.167,256760,4,"West Coast",79,"Kiran"
"172",172,0.769,0.654,2,-7.466,0,0.0423,0.156,0.00953,0.243,0.498,119.942,228000,4,"Casual Love",33,"Kiran"
"173",173,0.699,0.568,11,-6.431,1,0.0732,0.0964,0,0.0816,0.255,128.125,161065,4,"Beats Me Up (feat. Coucheron)",33,"Kiran"
"174",174,0.492,0.928,1,-2.952,1,0.0529,0.035,0.492,0.214,0.321,72.498,202552,4,"The Devil's Instrument",26,"Kiran"
"175",175,0.685,0.827,10,-7.745,1,0.224,0.138,0.00207,0.374,0.586,133.93,250702,4,"Delilah (pull me out of this)",69,"Kiran"
"176",176,0.782,0.635,6,-9.382,0,0.122,0.0416,0.317,0.108,0.399,118.074,184715,4,"Yasminah (see your face again)",52,"Kiran"
"177",177,0.683,0.819,7,-7.825,1,0.0517,0.00826,0.748,0.495,0.127,104.012,199062,4,"Sabrina (i am a party)",59,"Kiran"
"178",178,0.203,0.742,5,-2.261,0,0.0371,0.000762,0.865,0.336,0.163,139.774,229714,4,"Drowning",46,"Kiran"
"179",179,0.76,0.669,5,-9.105,0,0.285,0.0757,0.0215,0.77,0.215,112.023,196071,4,"Kyle (i found you)",63,"Kiran"
"180",180,0.653,0.668,0,-8.183,1,0.0881,0.00116,0.00269,0.0731,0.711,160.048,257187,4,"Swim Good",64,"Kiran"
"181",181,0.817,0.936,9,-7.669,1,0.0618,0.131,0.285,0.227,0.415,127,213562,4,"Sidewindah (feat. Flirta D)",55,"Kiran"
"182",182,0.783,0.322,0,-15.091,1,0.0343,0.213,0.00243,0.114,0.77,128.226,267773,4,"Right Down the Line",70,"Kiran"
"183",183,0.433,0.722,9,-4.006,0,0.0374,0.000468,0.00454,0.111,0.0521,129.976,174923,3,"Ghosts",33,"Kiran"
"184",184,0.597,0.483,0,-11.673,0,0.632,0.362,0.000138,0.17,0.285,124.452,154932,5,"Perc & Sex",68,"Kiran"
"185",185,0.672,0.656,8,-8.313,1,0.0426,0.000577,0.538,0.0756,0.338,119.003,346125,4,"Papi (Bhabi)",46,"Kiran"
"186",186,0.745,0.346,1,-7.709,1,0.331,0.00552,0,0.0881,0.112,203.911,237240,4,"BIG BANK (feat. 2 Chainz, Big Sean, Nicki Minaj)",63,"Kiran"
"187",187,0.904,0.813,4,-7.105,0,0.121,0.0311,0.00697,0.0471,0.81,125.461,226864,4,"Lose Control (feat. Ciara & Fat Man Scoop)",64,"Kiran"
"188",188,0.72,0.967,9,-4.434,0,0.0343,0.0289,0.000345,0.142,0.977,129.766,235093,4,"Talking In Your Sleep",61,"Kiran"
"189",189,0.617,0.957,8,-3.15,1,0.173,0.0165,0.00128,0.208,0.109,125.039,168960,4,"Wall Of Death",42,"Kiran"
"190",190,0.659,0.678,0,-8.18,1,0.0313,0.157,6.69e-06,0.0784,0.647,106.186,258411,4,"You're so Vain",73,"Kiran"
"191",191,0.509,0.448,1,-8.403,1,0.0718,0.458,1.07e-06,0.0824,0.318,158.998,223867,4,"Sheep",54,"Kiran"
"192",192,0.603,0.44,7,-13.284,1,0.0328,0.392,0.000144,0.578,0.671,128.021,248160,4,"Ripple - 2020 Remaster",38,"Kiran"
"193",193,0.923,0.741,2,-9.106,1,0.304,0.431,0,0.215,0.897,102.104,130107,4,"Manifesto",32,"Kiran"
"194",194,0.801,0.96,8,-5.534,1,0.264,0.0284,0.877,0.0985,0.101,126.045,217411,4,"Gimme That Bounce",63,"Kiran"
"195",195,0.813,0.793,11,-6.528,1,0.0879,0.0359,0.651,0.116,0.844,125,263040,4,"Dance with Me",36,"Kiran"
"196",196,0.811,0.825,2,-5.48,1,0.0654,0.000646,0.517,0.0689,0.95,124.005,211209,4,"Red Light Green Light - For Club Play Only, Pt. 6",59,"Kiran"
"197",197,0.898,0.893,1,-7.255,1,0.225,0.207,9.33e-05,0.061,0.653,129.047,150635,4,"Pump It Up",57,"Kiran"
"198",198,0.696,0.898,6,-5.506,1,0.0505,0.00353,0.045,0.0896,0.392,125.027,284371,4,"In the Dark",1,"Kiran"
"199",199,0.644,0.661,11,-6.093,1,0.0418,0.000177,5.23e-06,0.108,0.272,153.992,240307,4,"How To Love",63,"Kiran"
"200",200,0.261,0.604,6,-10.634,1,0.0844,0.0654,0.145,0.066,0.508,69.606,720186,4,"Walk On By",38,"Kiran"
"201",201,0.785,0.545,1,-9.255,0,0.0547,0.106,0.826,0.32,0.423,119.02,397431,4,"Shoreline",22,"Kiran"
"202",202,0.741,0.619,1,-11.366,0,0.0514,0.661,0.674,0.125,0.146,126.008,417100,4,"Talk to Me You'll Understand",50,"Kiran"
"203",203,0.659,0.382,11,-9.929,1,0.0359,0.715,0.162,0.175,0.742,141.072,225532,4,"Different State of Mind",56,"Kiran"
"204",204,0.877,0.665,5,-6.597,0,0.191,0.0586,0.012,0.0685,0.786,125.017,154860,4,"People Ain't Dancing (feat. Kah-Lo)",60,"Kiran"
"205",205,0.665,0.727,1,-8.073,0,0.0391,0.00984,0.394,0.172,0.397,133.922,198806,4,"Jungle",68,"Kiran"
"206",206,0.761,0.781,5,-6.778,0,0.141,0.0681,0.108,0.0607,0.473,123.023,285375,4,"Marea (we’ve lost dancing)",70,"Kiran"
"207",207,0.683,0.887,6,-4.944,0,0.0497,0.0125,0.446,0.318,0.551,132.007,267947,4,"Turn On The Lights again.. (feat. Future)",70,"Kiran"
"208",208,0.665,0.727,1,-8.073,0,0.0391,0.00984,0.394,0.172,0.397,133.922,198806,4,"Jungle",68,"Kiran"
"209",209,0.852,0.93,1,-7.02,1,0.209,0.0127,0.494,0.0573,0.236,129.028,271642,4,"()vȯ)) ̷̨ʅ(۝ʅ(Ɵʅ():::()̵̳̗̊(Ɵʅ()vȯ)) ̷̨ʅ",44,"Kiran"
"210",210,0.743,0.679,10,-8.295,0,0.286,0.0757,0,0.347,0.618,147.752,278084,4,"Meditate (feat. J.I.D.)",54,"Kiran"
"211",211,0.705,0.351,7,-10.655,0,0.0541,0.253,0.678,0.107,0.175,70.023,173493,4,"Our Time",35,"Kiran"
"212",212,0.604,0.845,6,-4.953,1,0.502,0.0231,0.00486,0.1,0.153,85.106,205796,4,"Cake",37,"Kiran"
"213",213,0.628,0.872,7,-9.143,1,0.087,0.003,0.946,0.124,0.52,173.02,235840,4,"Orange",43,"Kiran"
"214",214,0.735,0.569,6,-10.223,0,0.0319,0.363,0.315,0.105,0.235,120.006,320052,4,"Wicked Game",44,"Kiran"
"215",215,0.784,0.91,1,-2.698,1,0.0824,0.00735,0.581,0.28,0.596,125.025,203520,4,"ON FIRE",45,"Kiran"
"216",216,0.439,0.153,1,-8.95,1,0.0479,0.874,0,0.107,0.104,116.76,287693,3,"Jealous",72,"Kiran"
"217",217,0.494,0.428,0,-7.239,0,0.205,0.236,0.0698,0.0816,0.44,87.724,157497,4,"Mount Everest",79,"Kiran"
"218",218,0.574,0.664,11,-6.068,1,0.0409,0.0448,0.0553,0.146,0.226,144.654,91870,4,"Formula",80,"Kiran"
"219",219,0.615,0.784,2,-5.446,1,0.139,0.00362,1.75e-05,0.133,0.405,115.205,183688,4,"Stressed",56,"Kiran"
"220",220,0.736,0.559,7,-9.225,0,0.293,0.559,0.00096,0.0886,0.0354,150.049,179200,4,"To Whom It May Concern",63,"Kiran"
"221",221,0.368,0.259,2,-15.208,1,0.0327,0.942,0.871,0.126,0.183,139.333,128783,4,"The Forsaken Waltz",32,"Kiran"
"222",222,0.784,0.606,10,-14.039,0,0.162,0.0668,0.839,0.0752,0.923,139.991,277147,4,"Dutch Flowerz",28,"Kiran"
"223",223,0.64,0.649,2,-10.345,1,0.0264,0.216,8.3e-05,0.0551,0.865,124.825,221053,4,"Little Lies - 2017 Remaster",69,"Kiran"
"224",224,0.4,0.65,5,-6.104,0,0.0466,0.0118,7.62e-05,0.791,0.15,107.989,592920,4,"Pyramids",70,"Kiran"
"225",225,0.453,0.782,8,-1.545,1,0.0382,0.000702,0.0443,0.238,0.411,122.022,198893,4,"Wasted Nun",34,"Kiran"
"226",226,0.537,0.893,0,-5.459,1,0.0893,0.00252,0.0211,0.0636,0.499,183.78,227213,4,"Plastic Beach (feat. Mick Jones and Paul Simonon)",63,"Kiran"
"227",227,0.734,0.907,2,-2.327,1,0.303,0.0967,2.55e-06,0.605,0.487,144.99,244966,4,"Blastin",34,"Kiran"
"228",228,0.561,0.886,2,-2.778,1,0.082,0.0229,0.00177,0.111,0.15,140.07,200857,4,"Prayers",30,"Kiran"
"229",229,0.529,0.995,6,-4.264,1,0.129,0.00866,0.0725,0.116,0.208,74.981,185600,4,"Alien",41,"Kiran"
"230",230,0.498,0.842,9,-4.561,0,0.051,0.00072,0.614,0.067,0.143,140.011,296756,4,"Womp Portal",54,"Kiran"
"231",231,0.876,0.498,10,-7.511,1,0.0478,0.0706,0,0.143,0.428,122.016,173119,4,"Neverita",85,"Kiran"
"232",232,0.655,0.782,8,-6.825,1,0.392,0.0105,0.00367,0.12,0.372,167.003,164723,4,"Center Core Never More",67,"Kiran"
"233",233,0.683,0.969,0,-3.29,1,0.171,0.000275,0.126,0.94,0.595,170.017,226932,4,"My Swisher Sweet, But My Sig Sauer",65,"Kiran"
"234",234,0.894,0.767,10,-4.695,0,0.137,0.0231,2.36e-05,0.574,0.412,144.077,140289,4,"Champagne Face",68,"Kiran"
"235",235,0.759,0.833,11,-5.01,1,0.0779,0.00026,0.0573,0.178,0.522,140.026,183919,4,"BUCKHEAD",66,"Kiran"
"236",236,0.787,0.889,2,-3.125,1,0.128,0.00951,0.000322,0.652,0.677,156.027,172400,4,"Sorry for the Delay",66,"Kiran"
"237",237,0.642,0.937,7,-4.058,1,0.15,0.0147,0.632,0.12,0.528,123.994,224908,4,"The Last Goodbye (feat. Bettye LaVette) - Hayden James Remix",53,"Kiran"
"238",238,0.637,0.849,4,-3.827,0,0.0394,0.0238,0,0.0686,0.774,74.041,201429,4,"Your Song",45,"Kiran"
"239",239,0.662,0.96,10,-4.161,0,0.0393,0.0029,0.205,0.277,0.3,124.986,190080,4,"Leave Me Like This",66,"Kiran"
"240",240,0.767,0.878,8,-4.581,1,0.0648,0.0249,0.0294,0.147,0.401,125.018,196797,4,"Hannah (the sun)",46,"Kiran"
"241",241,0.839,0.69,11,-4.464,1,0.0615,0.207,8.33e-06,0.176,0.744,151.991,196413,4,"Un Coco",80,"Kiran"
"242",242,0.633,0.395,8,-9.638,1,0.0857,0.692,0.000222,0.108,0.123,138.023,314075,4,"Nikes",68,"Kiran"
"243",243,0.88,0.483,6,-6.419,0,0.248,0.515,0,0.159,0.806,125.024,247972,4,"LIE TO ME",41,"Kiran"
"244",244,0.789,0.665,9,-5.201,1,0.0665,0.00775,0,0.109,0.324,127.914,270747,4,"Missed Calls",47,"Kiran"
"245",245,0.616,0.581,1,-6.637,1,0.516,0.186,0,0.116,0.676,82.812,203378,4,"Can’t Punk Me (feat. EARTHGANG)",58,"Kiran"
"246",246,0.559,0.243,1,-12.453,1,0.0326,0.925,0.935,0.108,0.162,69.941,213000,4,"Ylang Ylang",61,"Kiran"
"247",247,0.644,0.728,9,-8.396,0,0.029,0.000988,0.0279,0.473,0.607,132.488,235360,4,"El Mañana",60,"Kiran"
"248",248,0.688,0.321,10,-10.827,1,0.0305,0.0451,0.00132,0.0939,0.0485,132.001,201004,4,"Cocoon",55,"Kiran"
"249",249,0.545,0.545,9,-7.362,1,0.107,0.667,5.48e-05,0.417,0.549,159.94,184516,3,"Pink + White",82,"Kiran"
"250",250,0.688,0.657,9,-8.551,1,0.219,0.00972,3.38e-06,0.866,0.734,87.183,247533,4,"Diesel Fluid (feat. Method Man, Trife Diesel & Cappadonna)",35,"Kiran"
"251",251,0.823,0.561,7,-7.33,1,0.322,0.00497,7.76e-05,0.142,0.561,91.979,158133,4,"As High as Wu-Tang Get (feat. Ol' Dirty Bastard, GZA & Method Man)",50,"Kiran"
"252",252,0.787,0.72,7,-7.569,1,0.313,0.223,0,0.633,0.521,121.003,253467,4,"Gravel Pit (feat. RZA, Method Man, Ghostface Killah, Raekwon & U-God)",55,"Kiran"
"253",253,0.593,0.879,7,-3.283,1,0.489,0.0413,0,0.0846,0.842,159.557,2e+05,4,"On That Sht Again (feat. Ghostface Killah & RZA)",37,"Kiran"
"254",254,0.826,0.566,10,-10.747,0,0.311,0.199,0,0.356,0.655,99.131,216133,4,"Wu-Tang Clan Ain't Nuthing ta F' Wit (feat. RZA, Inspectah Deck & Method Man)",63,"Kiran"
"255",255,0.677,0.933,6,-3.617,0,0.36,0.216,0,0.696,0.528,107.585,250827,4,"In the Hood (feat. RZA, Masta Killa, Inspectah Deck & Streetlife)",37,"Kiran"
"256",256,0.912,0.372,10,-11.427,0,0.334,0.0567,0.01,0.11,0.445,92.582,197200,4,"After the Laughter Comes Tears - Tearz Vocal",44,"Kiran"
"257",257,0.63,0.846,5,-4.372,0,0.265,0.559,1.59e-06,0.482,0.742,84.99,204840,4,"Do the Same as My Brother Do (feat. RZA)",34,"Kiran"
"258",258,0.699,0.676,7,-5.837,1,0.0935,0.00023,0.971,0.0368,0.869,82.53,293827,4,"Slow Blues - Instrumental",39,"Kiran"
"259",259,0.585,0.786,11,-6.483,0,0.0957,0.019,0,0.139,0.687,96.132,279773,4,"Say What You Want (All Day Every Day)",29,"Kiran"
"260",260,0.635,0.674,4,-6.771,0,0.342,0.015,1.01e-05,0.201,0.467,102.174,289733,4,"Severe Punishment (feat. U-God, GZA, Raekwon, RZA & Masta Killa)",43,"Kiran"
"261",261,0.846,0.875,7,-3.575,1,0.22,0.000621,0.000239,0.644,0.198,89.966,202667,4,"Lesson Learn'd (feat. Inspectah Deck and Redman)",42,"Kiran"
"262",262,0.503,0.755,1,-4.811,1,0.265,0.0307,0,0.266,0.807,79.422,136440,4,"Molasses (feat. RZA)",55,"Kiran"
"263",263,0.89,0.326,8,-15.409,0,0.382,0.158,0.000165,0.12,0.333,104.89,279227,4,"Da Mystery of Chessboxin' (feat. Method Man, U-God, Inspectah Deck, Raekwon, Ol' Dirty Bastard, Ghostface Killah & Masta Killa) - Radio Edit",31,"Kiran"
"264",264,0.794,0.627,11,-9.431,1,0.36,0.233,0,0.35,0.518,87.554,251467,4,"Bring Da Ruckus (feat. RZA, Ghostface Killah, Raekwon & Inspectah Deck)",60,"Kiran"
"265",265,0.934,0.459,1,-7.654,1,0.189,0.0516,0,0.222,0.697,103.04,239547,4,"Got Your Money (feat. Kelis)",64,"Kiran"
"266",266,0.753,0.724,8,-6.524,1,0.331,0.37,0.00124,0.431,0.697,102.988,286653,4,"Iron Maiden",46,"Kiran"
"267",267,0.57,0.774,1,-3.677,0,0.25,0.32,0.000332,0.199,0.229,65.964,244293,4,"Bounce",57,"Kiran"
"268",268,0.63,0.782,8,-5.44,0,0.132,0.0828,0,0.034,0.418,140.144,247947,4,"Ayo Technology",65,"Kiran"
"269",269,0.531,0.574,10,-6.693,0,0.113,0.114,0.0308,0.256,0.272,115.68,232467,5,"Carry Out (Featuring Justin Timberlake)",65,"Kiran"
"270",270,0.975,0.711,8,-3.904,1,0.0632,0.168,0.000552,0.0799,0.815,110.621,234027,4,"Give It To Me",77,"Kiran"
"271",271,0.731,0.807,3,-6.492,0,0.1,0.181,0.751,0.319,0.765,114.759,179120,4,"The Way I Are",78,"Kiran"
"272",272,0.722,0.745,4,-6.059,0,0.0536,0.151,6.26e-06,0.337,0.607,95.021,309947,4,"I'll Be There For You/You're All I Need To Get By - Puff Daddy Mix",57,"Kiran"
"273",273,0.827,0.488,11,-5.167,0,0.305,0.303,0.00073,0.0759,0.638,78.999,204549,4,"That's Life",44,"Kiran"
"274",274,0.867,0.538,2,-16.183,1,0.361,0.242,1.75e-05,0.316,0.781,158.328,249933,4,"Boombastic",67,"Kiran"
"275",275,0.837,0.736,10,-8.367,0,0.378,0.225,0,0.0549,0.905,104.907,234093,4,"The Jump Off",51,"Kiran"
"276",276,0.764,0.744,1,-2.34,1,0.181,0.0109,0.000122,0.318,0.511,88.426,262213,4,"Welcome Back",50,"Kiran"
"277",277,0.686,0.737,1,-13.267,1,0.449,0.297,0,0.0809,0.801,99.157,167093,3,"Put Your Weight on It",11,"Kiran"
"278",278,0.808,0.765,6,-7.363,0,0.302,0.00916,0.000196,0.0515,0.761,92.044,254933,4,"Livin' Proof",48,"Kiran"
"279",279,0.927,0.427,10,-8.304,0,0.391,0.0555,0.000692,0.241,0.652,95.23,215267,4,"Get A Hold",50,"Kiran"
"280",280,0.782,0.597,1,-6.399,1,0.335,0.0568,0,0.582,0.528,94.631,243133,4,"Give Up the Goods (Just Step) (feat. Big Noyd)",56,"Kiran"
"281",281,0.773,0.581,8,-8.466,1,0.432,0.0352,0,0.485,0.711,94.093,203067,4,"Find a Way",60,"Kiran"
"282",282,0.552,0.731,1,-7.497,1,0.509,0.0946,0,0.222,0.847,171.942,154480,4,"Smoke Buddah",54,"Kiran"
"283",283,0.769,0.364,7,-14.337,1,0.415,0.158,0.0131,0.404,0.241,96.261,181627,4,"Hippa to da Hoppa",45,"Kiran"
"284",284,0.897,0.466,10,-9.053,0,0.203,0.187,1.35e-06,0.0757,0.884,100.01,223133,4,"Music (feat. Marvin Gaye)",54,"Kiran"
"285",285,0.769,0.836,8,-4.15,1,0.244,0.0618,0,0.182,0.651,88.978,237720,4,"Bucktown",53,"Kiran"
"286",286,0.562,0.764,0,-4.181,0,0.228,0.0481,0,0.415,0.777,80.277,155933,3,"Macula's Theory",32,"Kiran"
"287",287,0.868,0.658,1,-8.945,1,0.318,0.0928,0,0.0846,0.769,94.125,164020,4,"Nutshell",38,"Kiran"
"288",288,0.58,0.523,2,-9.779,1,0.0925,0.173,0.0647,0.334,0.488,89.964,206981,4,"Time's Up",42,"Kiran"
"289",289,0.934,0.495,5,-7.483,0,0.346,0.0544,0,0.0934,0.836,101.781,221200,4,"Street Talkin'",58,"Kiran"
"290",290,0.891,0.607,10,-8.64,0,0.238,0.285,0,0.168,0.509,94.028,148053,4,"Mind Playin' Tricks",46,"Kiran"
"291",291,0.891,0.319,4,-16.099,0,0.333,0.0933,0.000104,0.0482,0.687,92.649,284467,4,"Smooth Operator",46,"Kiran"
"292",292,0.645,0.705,1,-5.008,1,0.299,0.000813,0,0.128,0.376,137.133,229670,4,"King's Dead (with Kendrick Lamar, Future & James Blake)",67,"Kiran"
"293",293,0.509,0.518,2,-10.208,1,0.0304,0.0853,5.84e-05,0.338,0.248,81.042,213560,4,"Right Here, Right Now (feat. Taska Black)",31,"Kiran"
"294",294,0.774,0.531,11,-7.176,0,0.0446,0.0595,0,0.0409,0.966,142.001,242333,4,"Forever Loving Jah",56,"Kiran"
"295",295,0.778,0.377,5,-7.97,1,0.0839,0.527,0.0174,0.0865,0.84,77.368,229240,4,"Gotta Find a Way",38,"Kiran"
"296",296,0.729,0.533,5,-9.325,1,0.0705,0.582,2.16e-05,0.122,0.79,75.052,206173,4,"Have Some Mercy",37,"Kiran"
"297",297,0.855,0.473,11,-9.846,0,0.146,0.0719,2.71e-05,0.0795,0.682,139.175,218400,4,"Roots, Rock, Reggae",62,"Kiran"
"298",298,0.577,0.697,7,-6.004,1,0.28,0.203,0,0.113,0.665,81.945,171619,4,"Skyline Drive",34,"Kiran"
"299",299,0.377,0.27,7,-10.477,1,0.0765,0.471,0.829,0.103,0.197,75.774,140629,4,"Home",37,"Kiran"
"300",300,0.634,0.75,11,-3.973,1,0.0908,0.124,0.0964,0.291,0.168,95.106,207158,4,"SOOTHSAYER",40,"Kiran"
"301",301,0.571,0.872,6,-4.495,0,0.0396,0.0444,0.000326,0.172,0.11,135.015,284440,4,"Loneliness",23,"Kiran"
"302",302,0.751,0.746,10,-5.33,1,0.117,0.199,2.41e-06,0.117,0.309,167.993,180720,3,"Too Young",35,"Kiran"
"303",303,0.569,0.581,8,-5.494,1,0.0343,0.212,0.00769,0.149,0.208,127.931,174387,4,"S.O.S",58,"Kiran"
"304",304,0.686,0.667,2,-7.284,1,0.426,0.296,0,0.218,0.667,77.977,178292,4,"Heaven’s EP (with J. Cole)",62,"Kiran"
"305",305,0.534,0.288,10,-13.232,0,0.0331,0.195,5.21e-05,0.182,0.516,139.922,164571,4,"Stevie Doesn't Wonder",69,"Kiran"
"306",306,0.934,0.61,4,-8.639,0,0.296,0.292,0.00315,0.0884,0.505,120.024,204000,4,"LORD FORGIVE ME",44,"Kiran"
"307",307,0.487,0.369,11,-13.424,0,0.0406,0.736,3.75e-05,0.0925,0.106,183.114,289307,4,"Gooey",66,"Kiran"
"308",308,0.531,0.902,5,-2.886,1,0.111,0.46,6.36e-05,0.124,0.366,94.009,219587,4,"Diamonds + And Pearls",47,"Kiran"
"309",309,0.595,0.913,9,-6.225,0,0.0442,0.038,0.838,0.109,0.29,125,208359,4,"Cinecittà",46,"Kiran"
"310",310,0.584,0.684,10,-4.314,0,0.567,0.312,9.05e-05,0.112,0.72,210.164,213573,4,"Hell N Back",74,"Kiran"
"311",311,0.793,0.841,8,-5.726,0,0.0402,0.000116,0.924,0.109,0.233,125.008,424320,4,"Defect",19,"Kiran"
"312",312,0.764,0.672,7,-5.947,0,0.0293,0.072,3.32e-06,0.0806,0.789,129.049,136614,4,"Good Ones",63,"Kiran"
"313",313,0.576,0.848,9,-5.935,1,0.0333,0.00161,0.00144,0.11,0.532,130.026,277433,4,"Dancing In The Shadows",43,"Kiran"
"314",314,0.77,0.482,0,-9.796,0,0.0903,0.308,0.0802,0.0927,0.189,120.006,230040,4,"Numb",52,"Kiran"
"315",315,0.679,0.915,0,-10.554,1,0.0458,0.00992,0.795,0.0925,0.106,124.005,389801,4,"UUUU",54,"Kiran"
"316",316,0.406,0.401,3,-15.653,0,0.413,0.66,0,0.318,0.518,72.947,295776,4,"Don't Ask, Don't Tell (feat. redveil, Sam Truth & Glen the Saiyan)",41,"Kiran"
"317",317,0.624,0.966,6,-3.155,0,0.041,0.0729,4.84e-06,0.181,0.758,124.984,182463,4,"Better (feat. Teddy Swims)",62,"Kiran"
"318",318,0.645,0.544,6,-7.185,0,0.0346,0.0746,0.621,0.107,0.131,133.986,194186,4,"Walk Thru Water",41,"Kiran"
"319",319,0.6,0.931,1,-6.864,1,0.0973,0.00783,0.00149,0.115,0.304,134.868,157440,4,"They Want It, But No",57,"Kiran"
"320",320,0.766,0.539,7,-4.927,1,0.0479,0.402,0,0.104,0.888,120.175,188501,4,"Sexy Villain",61,"Kiran"
"321",321,0.563,0.44,9,-11.943,0,0.0822,0.286,0.683,0.269,0.213,120.009,276373,4,"TERRITORY",64,"Kiran"
"322",322,0.502,0.641,1,-6.271,1,0.467,0.269,5.01e-06,0.197,0.212,75.008,268667,4,"Pro Freak (with Doechii, Fatman Scoop)",57,"Kiran"
"323",323,0.705,0.712,6,-6.156,1,0.0385,0.0102,0.000855,0.1,0.62,97.512,299960,4,"Little Dark Age",78,"Kiran"
"324",324,0.891,0.586,11,-4.665,1,0.121,0.0833,0,0.213,0.954,130.012,134548,4,"I'm Good Luv, Enjoy.",67,"Kiran"
"325",325,0.435,0.768,6,-5.352,0,0.201,0.0857,0.000231,0.0918,0.378,107.588,239888,4,"Escapism. - Sped Up",84,"Kiran"
"326",326,0.597,0.633,2,-7.101,1,0.105,0.0398,0,0.103,0.358,93.3,214000,4,"Ups And Downs",34,"Kiran"
"327",327,0.812,0.448,5,-11.048,1,0.0505,0.11,0.00126,0.0542,0.874,116.557,199560,4,"What Does It Take (To Win Your Love)",44,"Kiran"
"328",328,0.853,0.649,1,-6.148,1,0.313,0.0538,0.00877,0.361,0.158,75.52,155762,4,"Bandzzz",32,"Kiran"
"329",329,0.633,0.938,11,-0.783,1,0.175,0.00031,0.253,0.163,0.27,74.871,67175,4,"Here It Comes",30,"Kiran"
"330",330,0.83,0.974,1,-0.748,1,0.311,0.0524,0.00056,0.741,0.43,143.788,130833,4,"Zipper",15,"Kiran"
"331",331,0.564,0.592,0,-6.58,0,0.0473,0.313,0.000113,0.232,0.0724,117.748,257962,4,"Cassandra",55,"Kiran"
"332",332,0.661,0.937,10,-3.83,0,0.0744,0.000967,1.58e-05,0.355,0.535,130.999,249067,4,"Judas",45,"Kiran"
"333",333,0.586,0.827,11,-5.103,1,0.151,0.0036,0,0.328,0.514,123.905,260253,4,"Born This Way",40,"Kiran"
"334",334,0.851,0.806,4,-4.62,1,0.0787,0.118,1.64e-06,0.121,0.787,118.999,237200,4,"Poker Face",55,"Kiran"
"335",335,0.762,0.692,5,-3.973,0,0.0438,0.113,0,0.094,0.397,114.906,208307,4,"Paparazzi",54,"Kiran"
"336",336,0.894,0.678,6,-5.611,0,0.0523,0.00569,2.43e-06,0.317,0.844,105.024,216333,4,"LoveGame",54,"Kiran"
"337",337,0.822,0.739,1,-4.541,0,0.0311,0.0264,4.26e-05,0.181,0.745,118.992,241933,4,"Just Dance",53,"Kiran"
"338",338,0.623,0.793,11,-6.63,0,0.0462,0.000397,0.0015,0.375,0.36,98.998,274213,4,"Alejandro",68,"Kiran"
"339",339,0.696,0.921,0,-3.755,1,0.0363,0.00314,5.24e-05,0.0842,0.714,119.001,294573,4,"Bad Romance",79,"Kiran"
"340",340,0.822,0.739,1,-4.541,0,0.0311,0.0264,4.26e-05,0.181,0.745,118.992,241933,4,"Just Dance",73,"Kiran"
"341",341,0.851,0.806,4,-4.62,1,0.0787,0.118,1.64e-06,0.121,0.787,118.999,237200,4,"Poker Face",74,"Kiran"
"342",342,0.798,0.636,6,-10.52,1,0.0431,0.327,0,0.128,0.799,139.98,377000,4,"Ramta Jogi",54,"Kiran"
"343",343,0.778,0.737,0,-7.073,1,0.195,0.178,6.83e-06,0.0632,0.9,125.031,394162,4,"Phir Milenge Chalte Chalte",49,"Kiran"
"344",344,0.334,0.3,2,-12.359,0,0.0377,0.863,1.62e-06,0.195,0.158,147.076,101799,4,"Tujh Mein Rab Dikhta Hai - Ii",64,"Kiran"
"345",345,0.884,0.893,5,-6.141,0,0.162,0.138,0.000922,0.0614,0.937,128.024,261016,4,"Dance Pe Chance",55,"Kiran"
"346",346,0.56,0.604,8,-8.732,1,0.0866,0.315,1.12e-06,0.176,0.75,84.784,281574,4,"Tujh Mein Rab Dikhta Hai",68,"Kiran"
"347",347,0.853,0.745,9,-8.636,0,0.109,0.0642,1.87e-06,0.0274,0.882,107.985,359253,4,"Tumse Milke Dil Ka",66,"Kiran"
"348",348,0.578,0.482,5,-10.503,1,0.0378,0.219,0,0.55,0.38,139.831,255493,4,"Main Hoon Na(Sad)",42,"Kiran"
"349",349,0.75,0.861,1,-11.029,1,0.0613,0.0755,0.00586,0.202,0.744,117.593,324053,4,"Chale Jaise Hawaien",54,"Kiran"
"350",350,0.734,0.903,0,-3.972,0,0.0649,0.432,0.00569,0.2,0.712,102.009,341147,4,"Tumhe Jo Maine Dekha",59,"Kiran"
"351",351,0.421,0.693,8,-7.332,1,0.0452,0.441,0.000248,0.102,0.59,111.118,253165,4,"Only the Wild Ones",57,"Erica"
"352",352,0.625,0.815,1,-7.036,0,0.0442,0.139,0.248,0.109,0.66,150.004,227440,4,"Pacific Coast Highway (with Trevor Hall)",48,"Erica"
"353",353,0.715,0.542,4,-9.748,0,0.0353,0.788,0.0488,0.0816,0.652,96.057,322663,4,"Fading into Yesterday",5,"Erica"
"354",354,0.756,0.851,5,-5.391,1,0.0665,0.172,0.00276,0.574,0.472,124.05,154904,4,"Chasing Dreams",31,"Erica"
"355",355,0.663,0.906,11,-6.948,0,0.0607,0.071,0.158,0.372,0.103,121.018,197000,4,"Be Yourself",24,"Erica"
"356",356,0.202,0.742,0,-5.29,1,0.124,0.00169,0.000483,0.128,0.155,194.876,196136,3,"Natural Born Killer",54,"Erica"
"357",357,0.736,0.346,9,-7.926,1,0.0267,0.844,0.122,0.123,0.233,92.006,216755,4,"Chariot",59,"Erica"
"358",358,0.702,0.61,5,-10.075,1,0.0368,0.533,0.000631,0.379,0.332,119.975,234107,4,"Under the Sun",54,"Erica"
"359",359,0.442,0.654,10,-7.021,1,0.0296,0.305,2.09e-05,0.577,0.918,162.048,227680,4,"Atlas",50,"Erica"
"360",360,0.594,0.375,3,-12.11,0,0.0588,0.725,0.292,0.104,0.197,94.019,324107,4,"Young",51,"Erica"
"361",361,0.23,0.416,4,-8.09,0,0.033,0.203,0.00298,0.109,0.171,106.941,446400,4,"The Night",29,"Erica"
"362",362,0.729,0.636,2,-9.117,1,0.189,0.483,0.408,0.237,0.587,170.045,128852,4,"Chillin'",34,"Erica"
"363",363,0.589,0.527,0,-9.962,1,0.0342,0.599,0.000111,0.0853,0.132,133.981,162377,4,"Miss Summer",66,"Erica"
"364",364,0.612,0.701,8,-3.615,0,0.0339,0.0148,5.82e-06,0.186,0.354,97.971,173120,4,"CHAMPION",52,"Erica"
"365",365,0.682,0.751,10,-6.484,0,0.076,0.193,0.000208,0.142,0.615,92.062,192492,4,"Devil Is A Woman",58,"Erica"
"366",366,0.534,0.703,9,-5.406,0,0.0458,0.114,0.011,0.0918,0.317,171.961,307507,4,"Sirens",42,"Erica"
"367",367,0.886,0.371,5,-10.542,1,0.0465,0.349,0.00138,0.0985,0.928,115.026,219261,4,"This Must Be The Place",59,"Erica"
"368",368,0.655,0.569,1,-5.018,0,0.0349,0.716,7.4e-06,0.135,0.44,150.267,169175,4,"Let Me Down Slowly (feat. Alessia Cara)",67,"Erica"
"369",369,0.676,0.467,2,-9.692,1,0.0386,0.934,3.37e-05,0.418,0.445,132.318,91765,1,"The View",11,"Erica"
"370",370,0.49,0.339,7,-7.984,1,0.0317,0.838,0,0.111,0.229,80.498,262001,4,"Morning Elvis",52,"Erica"
"371",371,0.76,0.439,5,-12.218,1,0.0336,0.712,0.000358,0.0945,0.334,102.008,209712,4,"Coast",53,"Erica"
"372",372,0.854,0.631,11,-8.197,0,0.0452,0.884,0.00999,0.202,0.609,119.986,228062,4,"anemone",55,"Erica"
"373",373,0.842,0.448,0,-12.244,0,0.036,0.615,0.0563,0.103,0.257,107.979,263617,4,"A Better Way To Love",46,"Erica"
"374",374,0.637,0.58,1,-4.91,0,0.0304,0.564,0.838,0.064,0.186,92.981,162000,4,"All Along The Watchtower",0,"Erica"
"375",375,0.636,0.634,7,-10.01,1,0.0342,0.0364,0.147,0.0998,0.599,111.563,252812,4,"Texas Sun",69,"Erica"
"376",376,0.663,0.546,7,-7.778,0,0.0415,0.066,0.403,0.0851,0.151,129.952,232615,4,"Please Come Home",38,"Erica"
"377",377,0.678,0.772,11,-8.001,0,0.0601,0.385,7.59e-05,0.451,0.777,104.7,229404,4,"Smile",46,"Erica"
"378",378,0.601,0.755,8,-5.528,1,0.0405,0.0575,0.887,0.347,0.508,180.02,225000,4,"Beauty Beats",38,"Erica"
"379",379,0.749,0.657,10,-9.077,0,0.0384,0.223,3.06e-05,0.0714,0.744,123.975,187742,4,"Goddess",51,"Erica"
"380",380,0.305,0.0536,8,-18.215,1,0.0501,0.994,0.0136,0.403,0.294,166.222,138298,3,"Pachamama",58,"Erica"
"381",381,0.798,0.426,8,-11.365,0,0.034,0.527,0.000842,0.101,0.333,120.018,185041,4,"Did I Get It Wrong",44,"Erica"
"382",382,0.691,0.613,0,-7.542,1,0.0448,0.174,4e-06,0.0747,0.295,114.939,358957,4,"Mind",31,"Erica"
"383",383,0.59,0.597,0,-7.183,1,0.0527,0.499,0,0.175,0.313,121.843,186627,4,"Hallucinogenics (feat. Lana Del Rey)",59,"Erica"
"384",384,0.69,0.726,2,-5.965,1,0.278,0.24,0,0.0802,0.714,90.264,236090,4,"Rap Coltrane",28,"Erica"
"385",385,0.57,0.884,5,-4.55,0,0.0601,0.00826,0.00322,0.364,0.405,118.485,286013,4,"Help I'm Alive",58,"Erica"
"386",386,0.432,0.606,9,-14.746,1,0.0424,0.223,6.78e-05,0.481,0.913,156.334,226000,4,"91 Unleaded",24,"Erica"
"387",387,0.541,0.675,10,-6.136,1,0.192,0.446,0,0.107,0.686,91.09,246920,4,"The General",58,"Erica"
"388",388,0.422,0.456,2,-8.007,1,0.0278,0.128,0,0.376,0.522,181.725,256680,4,"Tops of the Trees",7,"Erica"
"389",389,0.712,0.625,4,-4.504,0,0.272,0.579,0,0.087,0.883,82.068,248009,4,"Me & You",44,"Erica"
"390",390,0.868,0.449,8,-7.713,1,0.0694,0.107,0,0.631,0.746,106.852,159547,4,"DRUGS",52,"Erica"
"391",391,0.595,0.717,0,-4.803,1,0.0295,0.0779,0.00274,0.108,0.547,88.969,215907,4,"Scar Tissue",77,"Erica"
"392",392,0.665,0.418,7,-10.001,1,0.042,0.707,0.867,0.0848,0.0737,162.114,265460,3,"Cité d'or",0,"Erica"
"393",393,0.698,0.876,3,-4.45,1,0.0486,0.452,0.0133,0.0824,0.81,101.992,173631,4,"Left Hand Free",0,"Erica"
"394",394,0.477,0.2,7,-14.027,1,0.054,0.857,0.00036,0.134,0.259,129.96,323080,3,"Riptide",32,"Erica"
"395",395,0.714,0.338,4,-10.994,0,0.0456,0.93,0.00644,0.389,0.667,128.385,165067,4,"Sunny",63,"Erica"
"396",396,0.574,0.226,0,-13.04,1,0.0377,0.718,0,0.103,0.237,127.501,164907,4,"She Just Can't Help But Shine",43,"Erica"
"397",397,0.727,0.739,8,-3.805,1,0.0411,0.365,0.00137,0.161,0.533,93.005,145800,4,"love nwantiti (ah ah ah)",78,"Erica"
"398",398,0.553,0.576,0,-13.458,1,0.0304,0.191,0.00664,0.0365,0.457,109.827,298333,4,"White Room",66,"Erica"
"399",399,0.442,0.423,3,-10.407,0,0.0398,0.185,1.09e-06,0.118,0.103,81.251,284411,4,"Cellular Upgrade - We Saw Lions Remix",45,"Erica"
"400",400,0.58,0.345,11,-10.007,0,0.0265,0.615,1.14e-06,0.0958,0.246,102.081,238240,4,"Little Moon",46,"Erica"
"401",401,0.498,0.512,1,-8.201,0,0.053,0.519,0,0.106,0.491,166.926,223547,4,"Willy's Song",49,"Erica"
"402",402,0.532,0.495,10,-6.662,1,0.0343,0.659,0,0.0754,0.308,124.936,214240,4,"Vienna",74,"Erica"
"403",403,0.863,0.657,7,-7.295,1,0.105,0.264,0.00619,0.0713,0.829,115.958,235813,4,"No Roots",0,"Erica"
"404",404,0.604,0.337,6,-13.08,1,0.0283,0.923,0.338,0.113,0.39,95.205,145227,4,"Black Bird",50,"Erica"
"405",405,0.657,0.435,10,-15.707,1,0.0552,0.739,0,0.167,0.771,135.975,181133,4,"Dancing in the Moonlight",69,"Erica"
"406",406,0.816,0.706,3,-6.793,1,0.0617,0.352,6.43e-06,0.0956,0.336,119.975,190000,4,"My Soul Is Lemonade",41,"Erica"
"407",407,0.71,0.657,3,-4.252,0,0.0377,0.589,0,0.0932,0.746,96.936,197747,4,"All That Glitters",49,"Erica"
"408",408,0.51,0.434,1,-10.004,1,0.0361,0.177,0.516,0.0603,0.207,119.695,308627,4,"Glory Box",68,"Erica"
"409",409,0.519,0.441,4,-14.178,1,0.0353,0.0204,0.000453,0.076,0.25,81.334,234973,4,"Where Is My Mind? - Remastered",75,"Erica"
"410",410,0.419,0.383,4,-11.782,1,0.0256,0.0724,0.0176,0.0896,0.35,87.568,257480,4,"High and Dry",71,"Erica"
"411",411,0.607,0.294,5,-11.836,1,0.0764,0.778,0.162,0.106,0.192,76.083,303973,4,"Roads",59,"Erica"
"412",412,0.517,0.509,3,-9.917,1,0.137,0.407,0.311,0.251,0.37,74.98,96343,4,"Soul Mates",56,"Erica"
"413",413,0.864,0.482,8,-16.789,0,0.225,0.664,1.68e-05,0.269,0.964,133.234,81038,4,"love",33,"Erica"
"414",414,0.726,0.364,4,-12.019,0,0.105,0.0386,0.784,0.371,0.834,76.977,100562,4,"Bebop",24,"Erica"
"415",415,0.749,0.488,11,-8.556,1,0.181,0.86,1.64e-06,0.183,0.326,134.008,168044,4,"Vamos Fugir",0,"Erica"
"416",416,0.378,0.772,4,-7.648,0,0.0625,0.0344,4.62e-06,0.979,0.645,130.205,284293,4,"Time Of The Season",11,"Erica"
"417",417,0.653,0.524,11,-9.016,0,0.0502,0.112,0,0.203,0.553,83.97,160191,4,"telepatía",78,"Erica"
"418",418,0.672,0.464,6,-5.624,0,0.037,0.43,0,0.284,0.271,92.069,200742,4,"Never Seen The Rain",46,"Erica"
"419",419,0.288,0.291,7,-13.493,1,0.0331,0.933,0.54,0.228,0.0706,123.856,232360,4,"Melodies & Desires",23,"Erica"
"420",420,0.818,0.461,6,-6.475,0,0.292,0.598,0.000135,0.108,0.532,88.006,188053,4,"Queen Tings",56,"Erica"
"421",421,0.621,0.849,3,-4.243,0,0.0489,0.00468,5e-06,0.328,0.875,130.979,168018,4,"Sway With Me (with GALXARA)",55,"Erica"
"422",422,0.737,0.678,6,-7.011,0,0.0962,0.114,0.157,0.123,0.698,102.051,231826,4,"Fire for You",68,"Erica"
"423",423,0.646,0.471,10,-9.247,1,0.157,0.122,0,0.125,0.455,170.084,232813,4,"I AM WOMAN",69,"Erica"
"424",424,0.606,0.497,4,-6.611,1,0.0277,0.348,0,0.275,0.362,130.739,222773,4,"If I Die Young",64,"Erica"
"425",425,0.587,0.35,2,-10.954,1,0.0318,0.74,0,0.156,0.17,74.479,259453,4,"Whiskey Lullaby (feat. Alison Krauss)",59,"Erica"
"426",426,0.7,0.649,7,-7.421,1,0.0348,0.0918,0,0.0915,0.383,91.01,195174,4,"My Day",31,"Erica"
"427",427,0.609,0.868,1,-7.428,0,0.031,0.00136,0.628,0.161,0.529,136.975,302600,4,"Will You Be? - CFCF Remix",19,"Erica"
"428",428,0.617,0.384,5,-11.482,0,0.0917,0.0645,0.0347,0.077,0.0633,123.154,191220,4,"Don't Go",0,"Erica"
"429",429,0.515,0.534,6,-8.045,1,0.0768,0.181,0.00278,0.0547,0.426,70.776,145747,4,"Little Wing",68,"Erica"
"430",430,0.534,0.589,1,-1.865,1,0.325,0.256,6.02e-05,0.176,0.632,78.616,209829,4,"Cradles",4,"Erica"
"431",431,0.706,0.479,4,-14.496,1,0.0336,0.315,0.0214,0.104,0.838,123.013,261550,4,"Dragonfly Collector",4,"Erica"
"432",432,0.676,0.5,8,-6.878,1,0.0412,0.701,0,0.596,0.915,97.863,170611,4,"Love Is Alive",33,"Erica"
"433",433,0.391,0.692,1,-6.543,0,0.0462,0.0946,1.58e-05,0.191,0.56,180.029,246587,4,"Colors",0,"Erica"
"434",434,0.78,0.593,8,-8.226,1,0.37,0.397,0,0.0712,0.792,159.995,241398,4,"Grateful",45,"Erica"
"435",435,0.694,0.594,11,-5.362,0,0.0358,0.453,2.53e-06,0.0548,0.677,89.996,209753,3,"Unholy War",49,"Erica"
"436",436,0.632,0.938,8,-6.999,1,0.339,0.0467,0.0057,0.098,0.227,135.787,336440,4,"Counting Bodies Like Sheep To The Rhythm Of The War Drums",47,"Erica"
"437",437,0.55,0.751,10,-6.351,1,0.0563,0.00479,0.0161,0.0935,0.33,90,363382,4,"The Prayer",26,"Erica"
"438",438,0.552,0.608,1,-9.786,0,0.0345,0.352,0,0.0533,0.637,112.367,162373,4,"California Dreamin' - Single Version",76,"Erica"
"439",439,0.6,0.688,5,-8.339,0,0.201,0.159,1.29e-05,0.409,0.0793,99.977,156600,4,"Nevermind",71,"Erica"
"440",440,0.661,0.635,10,-7.423,0,0.0645,0.204,0.00114,0.186,0.365,99.972,218480,4,"Aloha",59,"Erica"
"441",441,0.641,0.24,8,-19.107,1,0.047,0.979,0.866,0.234,0.32,99.02,252121,4,"Flowers",57,"Erica"
"442",442,0.653,0.519,2,-10.164,1,0.0497,0.406,0.0209,0.101,0.822,98.883,153693,4,"For What It's Worth",74,"Erica"
"443",443,0.714,0.338,4,-10.994,0,0.0456,0.93,0.00644,0.389,0.667,128.386,165067,4,"Sunny",0,"Erica"
"444",444,0.831,0.419,1,-7.381,0,0.44,0.359,0.00228,0.0959,0.339,84.983,207706,4,"dreamin'",48,"Erica"
"445",445,0.682,0.394,8,-13.029,1,0.198,0.258,0,0.0724,0.446,107.987,220000,4,"Downers - A COLORS SHOW",44,"Erica"
"446",446,0.704,0.487,9,-6.407,0,0.0604,0.669,8.64e-05,0.111,0.313,121.726,301893,4,"Tadow",71,"Erica"
"447",447,0.546,0.508,0,-6.301,0,0.0266,0.0151,0.00109,0.116,0.385,153.721,223667,4,"Daydream In Blue",14,"Erica"
"448",448,0.795,0.717,5,-5.759,1,0.0933,0.0704,0.00456,0.229,0.767,94.023,196625,4,"10 Years Ago",6,"Erica"
"449",449,0.714,0.8,11,-4.808,0,0.0504,0.127,0,0.359,0.589,134.002,211560,4,"Beggin'",81,"Erica"
"450",450,0.622,0.783,4,-10.336,1,0.0372,0.0486,0.00105,0.615,0.663,111.609,147800,4,"Angel Dream (No. 4)",47,"Erica"
"451",451,0.517,0.7,6,-6.568,0,0.0452,0.00375,0.0385,0.0634,0.518,179.986,176413,4,"I am not a woman, I'm a god",58,"Erica"
"452",452,0.438,0.805,8,-6.237,1,0.0624,0.00255,5.69e-05,0.0842,0.564,113.253,240800,4,"All Along the Watchtower",72,"Erica"
"453",453,0.315,0.534,9,-7.552,0,0.031,0.000825,0.108,0.101,0.283,116.891,269720,3,"House Of The Rising Sun",55,"Erica"
"454",454,0.473,0.966,10,-6.714,1,0.0886,0.000282,0.0155,0.0714,0.0912,144.965,91839,4,"Rock the Red (Washington Capitals Fight Song)",9,"Erica"
"455",455,0.615,0.438,1,-11.879,1,0.0373,0.582,0.0155,0.308,0.217,130.999,244465,4,"99",28,"Erica"
"456",456,0.861,0.229,0,-12.306,1,0.0882,0.252,0.00136,0.104,0.043,109.963,195273,4,"Adventure",11,"Erica"
"457",457,0.828,0.502,0,-6.053,1,0.0445,0.172,0.00102,0.0544,0.677,105.953,192139,4,"Esther",0,"Erica"
"458",458,0.691,0.65,0,-9.161,1,0.0351,0.389,0.918,0.0903,0.0909,120.01,374250,4,"Master Tea",0,"Erica"
"459",459,0.608,0.865,10,-5.648,1,0.1,0.014,0.000297,0.318,0.459,99.945,185947,4,"barcelona (feat. Sasha Alex Sloan) - Oliver Nelson remix",28,"Erica"
"460",460,0.706,0.604,2,-6.932,1,0.303,0.418,0,0.242,0.361,82.03,165029,4,"fools (can't help falling in love) (feat. Sody)",64,"Erica"
"461",461,0.742,0.678,5,-4.605,0,0.192,0.0698,0,0.151,0.927,115.05,135521,4,"Honeypie",0,"Erica"
"462",462,0.732,0.956,2,-2.775,1,0.0708,0.017,6.99e-06,0.357,0.375,145.103,170807,4,"Hitta (feat. Juicy J)",50,"Erica"
"463",463,0.702,0.55,4,-7.524,0,0.0247,0.0373,0.00234,0.147,0.535,106.003,212866,4,"Touch",51,"Erica"
"464",464,0.536,0.486,11,-11.067,0,0.0346,0.244,0.00788,0.12,0.0968,131.988,257573,4,"High By The Beach",67,"Erica"
"465",465,0.537,0.315,5,-13.79,1,0.0271,0.588,2.29e-05,0.206,0.575,86.813,190320,4,"Wildflowers",64,"Erica"
"466",466,0.681,0.774,11,-8.001,0,0.06,0.372,5.74e-05,0.373,0.773,104.71,229404,4,"Smile",0,"Erica"
"467",467,0.682,0.72,11,-8.173,0,0.0381,0.326,0,0.148,0.673,117.003,169011,4,"Run",70,"Erica"
"468",468,0.476,0.594,5,-6.879,1,0.135,0.0599,0,0.0785,0.314,159.702,141050,4,"Cover Me In Sunshine",70,"Erica"
"469",469,0.8,0.66,0,-4.903,1,0.158,0.158,0.02,0.14,0.634,117.923,140012,4,"Dandelion",63,"Erica"
"470",470,0.809,0.613,2,-8.402,1,0.175,0.0685,0,0.107,0.562,104.991,252779,4,"Long Beach",57,"Erica"
"471",471,0.601,0.649,7,-6.979,1,0.133,0.166,3.35e-05,0.165,0.351,89.73,174720,4,"Sensitive",21,"Erica"
"472",472,0.733,0.414,0,-10.102,1,0.0375,0.502,0.0834,0.334,0.627,124.982,121000,4,"Bioluminescent",8,"Erica"
"473",473,0.385,0.501,0,-8.81,1,0.0429,0.231,0.55,0.226,0.118,120.065,246000,4,"Transform",9,"Erica"
"474",474,0.471,0.68,0,-6.059,1,0.134,0.429,0,0.758,0.489,86.414,240241,4,"Kids in the Summer",7,"Erica"
"475",475,0.582,0.334,11,-14.436,0,0.337,0.834,0.0171,0.0883,0.634,76.99,166150,4,"To the Moon",0,"Erica"
"476",476,0.775,0.412,2,-11.789,1,0.141,0.403,0,0.148,0.658,139.967,312000,4,"Just Keep Goin'",45,"Erica"
"477",477,0.825,0.611,1,-7.728,1,0.184,0.0496,0,0.33,0.539,115.015,210608,4,"Perfect World",36,"Erica"
"478",478,0.75,0.636,1,-8.473,1,0.0675,0.305,0.0043,0.0621,0.33,139.983,185143,4,"Ghost",43,"Erica"
"479",479,0.468,0.495,8,-9.96,1,0.36,0.0351,0,0.119,0.221,119.906,172069,4,"Vibrations",13,"Erica"
"480",480,0.488,0.489,7,-8.304,0,0.0696,0.55,0.000408,0.962,0.419,143.409,240627,4,"Breathe",17,"Erica"
"481",481,0.463,0.795,7,-5.21,1,0.195,0.0259,2.24e-05,0.0838,0.638,170.145,178920,4,"Come To The Beach",43,"Erica"
"482",482,0.752,0.613,9,-8.1,0,0.0283,0.0947,0.000357,0.0955,0.543,93.027,175450,4,"Loser",0,"Erica"
"483",483,0.593,0.873,11,-5.186,1,0.0478,0.127,0.00044,0.132,0.886,165.006,169573,4,"Live A Little",0,"Erica"
"484",484,0.758,0.838,9,-5.221,1,0.083,0.16,3.33e-05,0.113,0.939,94.97,247532,4,"The Caged Bird Sings",15,"Erica"
"485",485,0.808,0.736,10,-7.028,0,0.182,0.0458,1.79e-05,0.156,0.731,104.037,271796,4,"Shine Bright",29,"Erica"
"486",486,0.607,0.931,4,-4.505,0,0.145,0.0666,0.00037,0.195,0.79,144.924,213480,4,"Move On Up",0,"Erica"
"487",487,0.522,0.909,10,-5.962,0,0.0431,0.000766,0.00028,0.135,0.609,154.997,243097,4,"It Gets Better",37,"Erica"
"488",488,0.691,0.538,0,-9.952,1,0.103,0.246,0.163,0.178,0.329,99.972,182668,4,"Nostalgic",0,"Erica"
"489",489,0.932,0.835,1,-3.905,1,0.156,0.105,0,0.0847,0.926,144.02,182465,4,"I Am (feat. Flo Milli)",58,"Erica"
"490",490,0.667,0.719,7,-5.371,0,0.0346,0.00285,8.1e-05,0.0736,0.717,100.021,237520,4,"In Your Eyes",76,"Erica"
"491",491,0.501,0.674,5,-6.363,1,0.0408,0.00346,3.56e-05,0.282,0.152,155.051,200838,4,"I’m Ready (with Demi Lovato)",60,"Erica"
"492",492,0.664,0.316,5,-10.345,1,0.519,0.298,2.03e-06,0.0812,0.541,92.875,170640,4,"I Forgot That You Existed",69,"Erica"
"493",493,0.648,0.641,7,-5.521,1,0.0389,0.00565,3.63e-06,0.109,0.505,184.021,180348,4,"Who's Laughing Now",0,"Erica"
"494",494,0.762,0.585,8,-8.819,1,0.102,0.478,0,0.113,0.303,140.005,180240,4,"Keep On",50,"Erica"
"495",495,0.612,0.619,2,-5.702,1,0.0437,0.602,0,0.0866,0.469,99.71,213960,4,"Love Myself",53,"Erica"
"496",496,0.637,0.666,10,-6.773,0,0.0494,0.161,0,0.108,0.529,104.02,213869,4,"Diamonds",64,"Erica"
"497",497,0.725,0.668,5,-7.286,0,0.055,0.0932,2.33e-06,0.112,0.566,82.966,176787,4,"Do It",62,"Erica"
"498",498,0.961,0.617,11,-5.76,1,0.344,0.26,0,0.149,0.734,125.009,161280,4,"Step It Up",37,"Erica"
"499",499,0.487,0.366,9,-11.536,1,0.0281,0.559,0.00952,0.133,0.118,129.663,267307,4,"Light",0,"Erica"
"500",500,0.67,0.398,9,-9.14,1,0.0306,0.319,0.000113,0.38,0.219,125.983,231429,4,"Space Girl",0,"Erica"
"501",501,0.73,0.792,6,-5.33,0,0.13,0.0264,0,0.101,0.745,99.039,170158,4,"Dance with Me (feat. Thomas Rhett & Young Thug)",53,"Erica"
"502",502,0.682,0.783,8,-4.997,1,0.18,0.0262,0,0.206,0.323,106.899,216084,4,"I Love You's",0,"Erica"
"503",503,0.643,0.638,1,-4.947,0,0.0407,0.204,0,0.0707,0.6,82.001,226107,4,"Have It All",60,"Erica"
"504",504,0.743,0.837,1,-5.025,0,0.0649,0.0172,0,0.0743,0.263,103.072,159863,4,"OK Not To Be OK",67,"Erica"
"505",505,0.719,0.487,9,-6.21,0,0.0604,0.711,8.36e-05,0.0958,0.345,121.729,301639,4,"Tadow",0,"Erica"
"506",506,0.489,0.214,0,-13.164,1,0.0456,0.785,0.000729,0.123,0.341,85.046,305093,4,"Walk on the Wild Side",22,"Erica"
"507",507,0.407,0.706,7,-5.526,1,0.0348,0.254,0.00693,0.125,0.54,164.022,361227,4,"Can't You See",0,"Erica"
"508",508,0.731,0.377,5,-10.851,0,0.205,0.113,0.00952,0.116,0.537,139.889,288183,4,"Shyne",24,"Erica"
"509",509,0.558,0.889,8,-3.945,1,0.102,0.191,0.000387,0.328,0.716,170.102,213547,4,"SUPERBLOOM",63,"Erica"
"510",510,0.491,0.461,6,-5.646,0,0.0424,0.44,0,0.232,0.32,87.808,200756,4,"Never Seen the Rain",51,"Erica"
"511",511,0.673,0.687,6,-5.295,0,0.0623,0.269,0,0.181,0.524,96.964,211040,4,"Nobody",56,"Erica"
"512",512,0.675,0.761,4,-4.469,0,0.0466,0.432,0,0.102,0.428,119.001,199506,4,"Dead To Me",73,"Erica"
"513",513,0.573,0.584,7,-5.755,0,0.0375,0.414,0.344,0.0994,0.664,84.126,254560,4,"One and the Same",0,"Erica"
"514",514,0.813,0.497,10,-6.691,0,0.326,0.26,0,0.102,0.86,88.906,186067,4,"The Wave",49,"Erica"
"515",515,0.796,0.701,2,-3.275,1,0.283,0.308,7.82e-05,0.0516,0.619,100.954,201920,4,"Tusa",35,"Erica"
"516",516,0.756,0.554,6,-4.24,0,0.0342,0.402,0,0.158,0.596,117.992,221467,4,"Bad Child",56,"Erica"
"517",517,0.715,0.564,8,-5.56,1,0.0456,0.676,0.0072,0.0854,0.213,104.923,186267,3,"I Feel Like I'm Drowning",0,"Erica"
"518",518,0.535,0.567,0,-8.209,1,0.0627,0.637,0.0162,0.157,0.186,83.99,217143,4,"Sun Will Find You",0,"Erica"
"519",519,0.639,0.546,1,-5.382,1,0.0407,0.0837,0,0.122,0.149,122.179,173124,4,"Daisies",58,"Erica"
"520",520,0.675,0.695,7,-7.859,0,0.0753,0.00383,2.95e-05,0.0637,0.662,92.025,202779,4,"i think too much",54,"Erica"
"521",521,0.721,0.716,10,-7.037,0,0.0657,0.0334,0.00084,0.237,0.667,104.994,221714,4,"RITMO (Bad Boys For Life)",69,"Erica"
"522",522,0.656,0.722,0,-4.726,0,0.0478,0.556,0,0.134,0.301,90.097,208208,4,"Underdog",0,"Erica"
"523",523,0.497,0.542,5,-7.398,1,0.0315,0.16,1.4e-05,0.084,0.0707,93.57,276400,4,"Burn The Ships",0,"Erica"
"524",524,0.672,0.755,11,-4.666,0,0.187,0.014,0.826,0.164,0.51,77.549,210596,4,"XO Tour Llif3",35,"Erica"
"525",525,0.587,0.821,9,-5.041,0,0.0413,0.0536,0,0.0932,0.616,81.985,234567,4,"History of Violence",35,"Erica"
"526",526,0.59,0.242,10,-11.724,0,0.0516,0.978,0.000124,0.0906,0.366,126.721,214174,4,"All We Do",56,"Erica"
"527",527,0.863,0.631,7,-4.689,1,0.0534,0.305,3.04e-05,0.123,0.817,128.977,223480,4,"Supalonely",67,"Erica"
"528",528,0.636,0.758,0,-5.567,1,0.0427,0.331,1.01e-05,0.16,0.281,97.025,214107,4,"About Love - From The Netflix Film “To All The Boys: P.S. I Still Love You”",53,"Erica"
"529",529,0.731,0.557,1,-5.752,1,0.0521,0.207,0.00341,0.0989,0.372,145.072,174627,4,"Cautious",0,"Erica"
"530",530,0.509,0.521,8,-6.349,0,0.08,0.417,0,0.368,0.449,89.946,220236,4,"ocean waves",3,"Erica"
"531",531,0.74,0.642,9,-6.805,1,0.0291,0.0599,3.71e-05,0.802,0.591,130.03,170538,4,"Things Won't Go My Way",39,"Erica"
"532",532,0.429,0.553,1,-4.838,0,0.0668,0.458,0,0.0766,0.381,97.954,192456,4,"Freaking Me Out",55,"Erica"
"533",533,0.693,0.564,1,-3.857,0,0.0378,0.399,0,0.0409,0.574,185.913,210901,3,"Good Thing (with Kehlani)",64,"Erica"
"534",534,0.477,0.682,1,-4.931,0,0.0925,0.153,0,0.0763,0.345,110.567,202205,5,"How Do You Sleep?",70,"Erica"
"535",535,0.572,0.742,8,-4.589,0,0.0347,0.245,0,0.108,0.376,127.19,210236,4,"Conversations in the Dark - John Legend vs. David Guetta",52,"Erica"
"536",536,0.397,0.524,3,-5.846,1,0.103,0.607,0,0.157,0.343,175.562,218854,4,"Catching Feelings (feat. Six60)",47,"Erica"
"537",537,0.734,0.415,1,-8.593,0,0.0305,0.559,0,0.0918,0.364,97.954,137195,4,"La La Land - Acoustic",51,"Erica"
"538",538,0.756,0.851,2,-3.33,1,0.0674,0.0336,0,0.126,0.934,75.014,200693,4,"Runaway",57,"Erica"
"539",539,0.794,0.793,11,-4.521,0,0.0842,0.0125,0,0.0952,0.677,123.941,183290,4,"Don't Start Now",75,"Erica"
"540",540,0.824,0.588,6,-6.4,0,0.0924,0.692,0.000104,0.149,0.513,98.027,209438,4,"Dance Monkey",68,"Erica"
"541",541,0.394,0.718,7,-6.336,1,0.0607,0.706,0,0.116,0.247,151.912,158258,4,"You Can't Stop The Girl (From Disney's ""Maleficent: Mistress of Evil"")",53,"Erica"
"542",542,0.787,0.673,11,-4.583,0,0.159,0.264,3.35e-06,0.0904,0.779,110.962,237893,4,"Say So",75,"Erica"
"543",543,0.294,0.505,3,-8.106,1,0.042,0.12,0,0.0977,0.357,85.332,209893,1,"Takeaway (feat. Lennon Stella)",0,"Erica"
"544",544,0.693,0.678,8,-7.159,1,0.0324,0.0151,5.71e-06,0.101,0.404,103.952,228267,4,"Higher Love",72,"Erica"
"545",545,0.511,0.747,0,-5.904,1,0.124,0.0393,6.63e-06,0.028,0.564,109.022,229285,4,"Something's Got To Give",0,"Erica"
"546",546,0.765,0.689,6,-5.616,1,0.0456,0.236,7.39e-06,0.114,0.497,144.958,212850,4,"Take It Easy",55,"Erica"
"547",547,0.529,0.496,0,-6.668,0,0.151,0.214,0,0.212,0.588,74.619,178747,4,"Ready",0,"Erica"
"548",548,0.878,0.525,5,-6.832,1,0.0578,0.183,0,0.0714,0.694,112.022,158571,4,"Sunday Best",72,"Erica"
"549",549,0.621,0.601,6,-5.616,0,0.148,0.0522,0,0.46,0.457,116.735,163636,5,"ROXANNE",0,"Erica"
"550",550,0.896,0.586,10,-6.687,0,0.0559,0.104,0,0.79,0.642,116.971,196653,4,"The Box",77,"Erica"
"551",551,0.705,0.459,5,-6.488,0,0.0604,0.0116,0,0.204,0.181,111.988,216213,4,"Deleted",23,"Erica"
"552",552,0.494,0.104,10,-25.439,1,0.0323,0.576,0.614,0.0962,0.146,150.081,185374,3,"Gumo's Hideout",32,"Erica"
"553",553,0.273,0.565,2,-7.283,1,0.248,0.516,1.68e-06,0.0855,0.298,179.518,235226,4,"affection",14,"Erica"
"554",554,0.581,0.71,2,-5.245,1,0.0348,0.0634,0,0.0732,0.188,106.04,249239,4,"Devil In Me",50,"Erica"
"555",555,0.751,0.595,9,-5.741,1,0.15,0.0285,0,0.131,0.165,110.991,260552,4,"Controls (feat. Lox Chatterbox)",37,"Erica"
"556",556,0.763,0.527,6,-6.779,1,0.123,0.0562,0.00384,0.0918,0.493,156.047,176080,4,"Rooting For You",43,"Erica"
"557",557,0.782,0.762,7,-5.437,0,0.035,0.0338,1.73e-05,0.107,0.65,127.049,193987,4,"Tempt My Trouble",40,"Erica"
"558",558,0.786,0.807,0,-5.344,1,0.0398,0.00496,7.08e-05,0.0552,0.814,92.502,214160,4,"Caught in the Middle",57,"Erica"
"559",559,0.463,0.924,9,-5.038,1,0.14,0.0038,0,0.127,0.571,163.024,186720,4,"Dreaming Out Loud",0,"Erica"
"560",560,0.742,0.853,9,-4.147,1,0.0393,0.00743,4.79e-06,0.332,0.95,107.03,208280,4,"Faster",48,"Erica"
"561",561,0.622,0.85,1,-5.679,1,0.0971,0.000899,0,0.326,0.61,155.18,166452,4,"Medicine",48,"Erica"
"562",562,0.622,0.757,9,-3.497,1,0.053,0.27,0,0.136,0.61,135.126,233483,4,"All Or Nothing",31,"Erica"
"563",563,0.626,0.571,7,-7.461,0,0.0327,0.25,0,0.0946,0.164,129.959,277623,4,"Castle",62,"Erica"
"564",564,0.635,0.691,0,-4.862,1,0.258,0.555,0,0.097,0.638,82.142,217419,4,"Trumpets",60,"Erica"
"565",565,0.61,0.313,5,-13.138,0,0.0323,0.39,0.84,0.0899,0.087,80.009,433613,4,"Time for Space",0,"Erica"
"566",566,0.551,0.885,1,-3.725,0,0.191,0.00107,0,0.117,0.708,155.923,185747,4,"motherlove",39,"Erica"
"567",567,0.432,0.225,2,-7.864,1,0.0374,0.912,2.27e-05,0.108,0.0752,130.725,248369,4,"Naked",23,"Erica"
"568",568,0.795,0.496,0,-5.883,1,0.0722,0.108,0,0.0645,0.874,94.01,183000,4,"Only Human",68,"Erica"
"569",569,0.611,0.622,9,-5.075,0,0.0734,0.0188,0,0.359,0.538,146.11,231999,4,"Nightmare",63,"Erica"
"570",570,0.726,0.763,5,-4.388,0,0.077,0.0607,0,0.161,0.754,95.009,178914,4,"S.L.U.T.",39,"Erica"
"571",571,0.625,0.753,6,-5.983,0,0.166,0.436,0.00273,0.367,0.539,88.956,223299,4,"Coming Down",47,"Erica"
"572",572,0.583,0.913,7,-5.945,1,0.0401,0.00205,0.000374,0.164,0.659,95.991,230000,4,"Boys Aside",0,"Erica"
"573",573,0.787,0.655,6,-8.339,0,0.0431,0.238,0.000171,0.138,0.65,102.485,208653,4,"Upside Down",61,"Erica"
"574",574,0.498,0.702,0,-7.833,1,0.0401,0.0193,3.68e-06,0.0669,0.542,79.3,263213,4,"Stand Up",56,"Erica"
"575",575,0.69,0.714,7,-5.948,1,0.0338,0.0077,7.23e-05,0.191,0.489,112.009,187027,4,"Thunderclouds (feat. Sia, Diplo, and Labrinth)",68,"Erica"
"576",576,0.459,0.838,8,-4.73,0,0.0586,0.0281,0,0.0596,0.544,140.002,207288,4,"What's It Like",0,"Erica"
"577",577,0.133,0.606,0,-5.184,1,0.0429,0.0121,0.0583,0.0902,0.147,181.655,212958,5,"Where We Come Alive",0,"Erica"
"578",578,0.708,0.729,8,-7.618,1,0.0311,0.0675,0,0.165,0.562,117.003,157436,4,"RACECAR",34,"Erica"
"579",579,0.606,0.655,6,-6.328,1,0.402,0.139,0,0.103,0.696,159.824,236686,4,"Do You Remember",47,"Erica"
"580",580,0.774,0.537,1,-6.422,1,0.041,0.247,0,0.112,0.106,110.004,196493,4,"Like Water",33,"Erica"
"581",581,0.438,0.856,0,-4.158,1,0.0584,0.0268,6.27e-06,0.375,0.49,127.991,224520,4,"Hurricane - Arty Remix",50,"Erica"
"582",582,0.713,0.666,11,-6.128,1,0.0511,0.2,2.09e-05,0.137,0.277,112.015,209224,4,"WESTWORLD",5,"Erica"
"583",583,0.571,0.585,9,-8.392,0,0.0494,0.239,0.00016,0.133,0.291,113.973,258765,4,"Drive",51,"Erica"
"584",584,0.654,0.623,6,-5.273,0,0.082,0.253,0,0.144,0.401,123.996,234213,4,"Close",65,"Erica"
"585",585,0.623,0.843,0,-4.611,1,0.0853,0.0452,3.16e-05,0.0583,0.394,129.99,191400,4,"Bad Dream",0,"Erica"
"586",586,0.764,0.785,1,-5.486,0,0.259,0.0112,3.47e-06,0.56,0.633,122.872,183532,4,"Handle iT",0,"Erica"
"587",587,0.738,0.48,2,-7.749,1,0.0535,0.238,2.08e-06,0.314,0.258,90.991,263736,4,"Flower Tattoo",12,"Erica"
"588",588,0.877,0.558,1,-4.896,1,0.342,0.066,0,0.0745,0.493,157.027,226533,4,"Womp Womp",51,"Erica"
"589",589,0.698,0.633,8,-4.946,1,0.0597,0.0605,0.000194,0.0926,0.552,96.924,232187,4,"All The Stars (with SZA)",81,"Erica"
"590",590,0.708,0.619,6,-9.883,0,0.342,0.483,0,0.0997,0.149,114.045,208421,4,"Polyester Poppin'",15,"Erica"
"591",591,0.577,0.939,1,-1.352,0,0.108,0.0272,0,0.24,0.714,105.092,168613,4,"(Fuck A) Silver Lining",50,"Erica"
"592",592,0.597,0.768,0,-5.911,1,0.269,0.68,0,0.221,0.494,133.622,172375,4,"Sun Lady (feat. Ol' soul & Emma)",20,"Erica"
"593",593,0.677,0.744,1,-4.512,0,0.0882,0.279,0,0.119,0.531,145.928,204785,4,"Hold Me Down",55,"Erica"
"594",594,0.564,0.781,0,-5.837,1,0.038,0.019,0,0.362,0.501,93.991,145559,4,"Hurt",0,"Erica"
"595",595,0.599,0.629,8,-7.493,0,0.349,0.0712,0,0.347,0.39,151.732,238567,4,"Long Sun",35,"Erica"
"596",596,0.636,0.537,0,-7.436,0,0.288,0.2,0,0.138,0.341,80.011,290869,4,"Gold",8,"Erica"
"597",597,0.693,0.821,5,-7.411,0,0.193,0.239,0,0.0816,0.729,96,190625,4,"Boat to Bermuda",0,"Erica"
"598",598,0.486,0.549,11,-10.183,0,0.401,0.0309,0,0.22,0.419,147.79,131274,4,"GO FOR IT",15,"Erica"
"599",599,0.568,0.861,11,-5.405,0,0.245,0.00184,0.00018,0.662,0.39,128.354,143984,4,"S4YM",12,"Erica"
"600",600,0.424,0.971,2,-4.027,1,0.0891,0.000545,0.0475,0.326,0.65,157.954,247760,4,"Speed Queen",0,"Erica"
"601",601,0.379,0.478,8,-9,0,0.0891,0.503,0,0.201,0.109,120.115,234030,4,"Don't",26,"Erica"
"602",602,0.628,0.751,1,-7.041,0,0.0991,0.0105,0,0.119,0.44,159.965,222013,3,"Face My Fears (English Version)",51,"Erica"
"603",603,0.37,0.96,3,-4.162,0,0.0378,0.000241,0.0116,0.0563,0.717,89.428,224133,4,"Welcome to Paradise",64,"Erica"
"604",604,0.641,0.914,2,-4.798,1,0.05,0.0799,6.54e-05,0.132,0.723,107.996,208400,4,"Just A Girl",0,"Erica"
"605",605,0.652,0.557,1,-5.714,0,0.0318,0.74,0,0.124,0.483,150.073,169354,4,"Let Me Down Slowly",81,"Erica"
"606",606,0.837,0.684,4,-10.356,0,0.12,0.1,0,0.114,0.562,120.032,234069,4,"Do What You Love",0,"Erica"
"607",607,0.679,0.526,4,-7.641,0,0.172,0.197,0,0.0792,0.231,105.133,221714,4,"She Bad",0,"Erica"
"608",608,0.575,0.758,1,-5.029,0,0.0618,0.0954,0,0.394,0.493,144.107,182623,4,"Close To Me (with Diplo) (feat. Swae Lee)",60,"Erica"
"609",609,0.691,0.716,7,-5.985,1,0.0351,0.0085,9.06e-06,0.263,0.507,112.035,187027,4,"Thunderclouds",0,"Erica"
"610",610,0.852,0.604,0,-4.569,1,0.0642,0.0503,0,0.327,0.667,94.762,227547,4,"It Wasn't Me",56,"Erica"
"611",611,0.752,0.488,6,-7.05,1,0.0705,0.297,9.11e-06,0.0936,0.533,136.041,201661,4,"Without Me",73,"Erica"
"612",612,0.815,0.518,7,-6.594,0,0.0897,0.223,0,0.104,0.877,151.891,177667,4,"3 Nights",71,"Erica"
"613",613,0.689,0.679,7,-5.893,1,0.0517,0.195,0.00111,0.224,0.475,149.972,209773,4,"La Di Da",54,"Erica"
"614",614,0.689,0.412,7,-7.523,0,0.0301,0.488,0.00016,0.0659,0.537,126.754,184060,4,"Trampoline",60,"Erica"
"615",615,0.683,0.562,0,-10.315,0,0.0605,0.086,0.279,0.12,0.149,98.027,229413,4,"Better",41,"Erica"
"616",616,0.555,0.487,11,-6.48,1,0.0309,0.374,0,0.158,0.576,134.044,198787,4,"Come Fly with Me",44,"Erica"
"617",617,0.459,0.267,0,-8.948,1,0.0294,0.807,0,0.119,0.342,63.378,229963,4,"La vie en rose (feat. Cécile McLorin Salvant)",53,"Erica"
"618",618,0.782,0.387,0,-11.745,1,0.0748,0.532,0.127,0.114,0.338,79.987,144000,4,"Creator",6,"Erica"
"619",619,0.628,0.778,9,-5.604,1,0.0519,0.307,0,0.0888,0.576,90.016,385656,4,"Just Love Ngayong Christmas",0,"Erica"
"620",620,0.701,0.755,2,-5.82,1,0.0417,0.00363,0.000795,0.121,0.116,95.036,222307,4,"What's Up Danger (with Black Caviar)",67,"Erica"
"621",621,0.76,0.479,2,-5.574,1,0.0466,0.556,0,0.0703,0.913,89.911,158040,4,"Sunflower - Spider-Man: Into the Spider-Verse",79,"Erica"
"622",622,0.766,0.881,9,-5.158,0,0.137,0.0166,2.3e-06,0.347,0.674,112.027,174893,5,"Familia (with Anuel Aa, feat. Bantu) - Spider-Man: Into the Spider-Verse",56,"Erica"
"623",623,0.724,0.6,10,-4.391,0,0.29,0.141,0.000218,0.104,0.466,86.984,196387,4,"Invincible",56,"Erica"
"624",624,0.728,0.727,2,-3.585,1,0.206,0.0128,0,0.0882,0.89,143.144,171467,4,"Start a Riot",62,"Erica"
"625",625,0.715,0.639,5,-5.017,0,0.0752,0.0622,0,0.157,0.151,149.996,205800,4,"Hide (feat. Seezyn)",71,"Erica"
"626",626,0.567,0.651,5,-7.146,0,0.0554,0.0519,0,0.183,0.519,93.989,199147,4,"Memories",54,"Erica"
"627",627,0.871,0.751,6,-8.042,0,0.0788,0.00391,0,0.0853,0.787,139.984,178720,4,"Save The Day (feat. Coi Leray & LouGotCash)",51,"Erica"
"628",628,0.764,0.725,7,-8.812,1,0.0576,0.463,5.91e-06,0.109,0.0794,100.063,177653,4,"Let Go",55,"Erica"
"629",629,0.443,0.623,0,-6.717,0,0.0718,0.0468,0,0.247,0.156,79.365,233000,4,"Scared of the Dark (feat. XXXTENTACION)",66,"Erica"
"630",630,0.58,0.935,6,-4.847,0,0.293,0.176,0,0.514,0.666,129.173,219400,4,"Elevate (feat. Denzel Curry, YBN Cordae, SwaVay, Trevor Rich)",58,"Erica"
"631",631,0.585,0.941,10,-3.278,0,0.145,0.03,8.41e-06,0.196,0.45,130.024,153773,4,"Way Up",56,"Erica"
"632",632,0.604,0.736,10,-5.596,0,0.0555,0.00608,0.109,0.11,0.345,118.012,211360,4,"Home",55,"Erica"
"633",633,0.56,0.68,6,-7.648,0,0.321,0.555,0,0.116,0.319,89.391,173800,4,"Eastside (with Halsey & Khalid)",71,"Erica"
